engine_displacement,horsepower,vehicle_weight,model_year,fuel_efficiency_mpg
1900,239.0,3790,2015,32.5
2000,224.0,4380,1992,29.1
2330,286.0,4090,2022,34.1
2300,,4150,1997,30.6
2340,269.0,4400,2001,30.7
2210,251.0,4540,2012,32.0
2280,259.0,4090,1995,27.4
2640,297.0,4330,2014,30.0
2400,272.0,4150,1998,30.4
2380,271.0,4530,2015,32.5
2440,288.0,4440,2002,25.7
2460,278.0,4410,1996,28.4
2240,240.0,4210,2022,29.3
2210,244.0,4000,2009,32.7
2450,270.0,4730,2021,30.7
2390,277.0,4180,1993,29.8
1820,226.0,3840,2005,35.8
2290,262.0,4170,2002,35.7
2270,252.0,4220,1995,35.3
2340,259.0,4100,2009,30.6
2140,229.0,3900,2001,28.3
2450,282.0,4500,2000,32.4
2270,212.0,4660,2018,30.9
2290,258.0,4190,1983,28.3
2210,273.0,4310,2015,32.8
2170,255.0,4180,1997,30.4
2470,279.0,4480,2015,30.7
2360,271.0,4360,1994,28.1
2010,244.0,4160,1999,28.7
2160,227.0,3800,2014,35.5
2380,266.0,4680,1984,24.2
2530,288.0,4400,1989,26.6
2390,279.0,4290,2010,35.6
2370,249.0,4480,2006,29.7
2080,267.0,4250,2017,33.1
2290,235.0,4340,2011,32.4
2160,,4140,2016,30.5
2060,249.0,3910,2012,31.3
2210,258.0,4210,2001,31.9
2400,269.0,4440,1992,26.0
2010,228.0,4140,1997,30.9
2560,277.0,4570,1977,26.8
2200,241.0,4210,2019,32.8
2120,205.0,3970,1992,29.6
2100,,3930,1980,28.1
2390,,4300,1994,33.5
2500,284.0,4770,2017,30.6
2210,259.0,3960,1996,31.3
2380,,4560,1977,28.4
2140,236.0,3890,1984,28.8
2100,259.0,4610,2017,32.7
2280,251.0,4360,2023,32.2
2040,253.0,3980,2016,35.0
1940,,4080,1975,29.4
2220,261.0,4360,1988,30.3
2590,289.0,4400,1977,24.7
2480,283.0,4250,2007,31.3
2280,239.0,4190,2022,30.7
2310,254.0,4230,1982,27.5
2510,298.0,4400,2016,29.5
2220,269.0,4350,1992,33.2
2090,225.0,4240,2019,36.1
2070,,3890,1982,34.8
2200,228.0,4060,2023,31.5
2030,246.0,3980,2009,33.6
2350,274.0,4760,2003,26.6
2320,249.0,4360,2003,33.3
2360,256.0,4280,1997,30.6
2440,279.0,4610,2005,32.0
2490,285.0,4570,2021,32.4
2210,251.0,4690,2014,29.1
2360,243.0,4380,1987,23.9
1980,246.0,3790,2000,33.5
2270,268.0,4390,1988,28.1
2090,250.0,4390,1998,30.8
2210,255.0,4410,2020,28.2
2460,269.0,4450,2001,29.2
2220,244.0,4300,1990,30.7
2540,,4900,1984,23.0
2130,244.0,4050,2003,30.8
2330,290.0,4130,2018,29.4
2250,271.0,4320,2016,30.8
1880,211.0,3670,2002,33.0
2270,239.0,4200,2015,29.1
2490,259.0,4300,1987,27.3
2240,,4090,1978,30.1
2160,239.0,4210,1985,30.5
2100,238.0,4400,2012,28.8
2420,294.0,4200,2022,35.9
2130,241.0,4430,2015,34.9
2250,255.0,4490,1982,29.1
2130,253.0,4130,2004,31.2
2420,269.0,4550,2024,28.9
2430,286.0,4500,1980,23.6
2140,240.0,3720,1980,31.5
2110,255.0,3850,1989,31.6
2490,265.0,4560,1992,22.9
2320,265.0,4730,2004,27.1
2320,,4370,1980,30.7
2300,,4320,1982,28.0
2230,234.0,4090,1999,32.9
2080,251.0,4160,2008,32.5
2190,247.0,3810,2014,29.9
2420,279.0,4440,1993,33.1
2460,,4020,1984,28.2
2130,226.0,4010,1995,32.7
2420,279.0,4480,1977,22.5
2290,261.0,4290,2015,31.5
2160,218.0,3960,2014,32.7
2340,276.0,4620,2012,34.5
2140,241.0,4320,2000,30.3
2150,248.0,4130,2007,29.8
2330,,4410,1980,29.8
2540,281.0,4650,1995,30.4
1960,201.0,4000,2018,34.1
2180,224.0,3940,1978,32.8
2190,255.0,4300,1995,27.0
2710,273.0,4580,2007,31.6
2310,253.0,4020,1999,27.4
2190,242.0,4010,2011,31.4
2250,254.0,4390,2013,32.4
2390,289.0,4340,2016,35.3
2610,271.0,4420,2023,37.9
2450,277.0,4710,2000,27.0
2430,269.0,4210,1989,27.4
2480,263.0,4520,2003,27.7
2230,251.0,4320,2008,26.1
2330,243.0,4160,1994,32.6
1960,235.0,3910,2019,33.3
2250,282.0,4380,1984,25.8
2060,228.0,3670,2019,32.6
2660,300.0,4860,1998,28.8
2500,277.0,4250,2015,29.9
2450,266.0,4580,2006,31.6
2220,222.0,3900,1990,30.6
2030,225.0,3910,1980,30.7
2370,237.0,4560,1982,28.8
2210,,4290,1977,27.8
2550,293.0,4320,2024,36.0
2230,239.0,4580,1978,26.9
2180,254.0,4090,1991,32.7
2330,280.0,4530,1999,26.5
2430,256.0,4330,2005,31.1
2070,255.0,4200,2017,35.4
2450,273.0,4570,2007,30.0
2230,234.0,4140,1991,28.7
1860,208.0,4070,2007,33.2
2040,224.0,3740,1987,32.9
2260,258.0,4480,2008,29.8
1970,240.0,4220,1987,24.6
2440,,4580,1977,26.5
2370,249.0,4000,2005,30.3
2360,271.0,4360,2010,29.5
2370,279.0,4390,1999,30.2
2200,234.0,4690,2022,31.8
2340,281.0,4380,2007,27.2
2230,,4040,1979,29.1
2290,240.0,4230,1993,28.0
2430,270.0,4590,2005,32.8
2510,255.0,4990,1999,28.3
2010,216.0,3820,2020,36.9
2250,267.0,4500,1986,24.6
2150,,3790,1978,31.5
2040,251.0,3940,2016,29.6
2360,266.0,4530,1980,28.8
2430,261.0,4080,1983,26.6
1800,216.0,3720,2015,32.2
2620,274.0,4630,2004,27.4
2120,248.0,3960,1982,30.3
2240,249.0,4390,1999,29.3
2400,257.0,4650,1986,28.8
2240,251.0,4340,1991,30.6
2150,256.0,4150,1982,31.4
2200,245.0,4190,1995,31.3
2360,271.0,4350,1997,27.1
2430,248.0,4410,2000,33.4
2370,252.0,4310,2015,29.1
2090,254.0,4020,2008,32.1
2530,275.0,4800,2009,27.1
2470,293.0,4570,2009,31.1
2390,277.0,4130,1987,24.7
2560,253.0,4610,2015,31.9
2700,291.0,4830,1987,25.0
2530,289.0,4710,2015,30.3
2550,260.0,4470,2014,27.7
2380,262.0,4410,2003,28.4
2360,263.0,4370,1988,27.5
2450,294.0,4460,1990,27.1
2450,264.0,4510,1994,29.7
2470,305.0,4340,2004,30.9
2250,259.0,4680,2003,31.6
2290,243.0,3870,1988,32.1
1950,200.0,3930,1996,33.6
2390,284.0,4360,1981,29.1
2390,310.0,4830,2016,27.4
2100,247.0,3930,1984,28.9
2090,200.0,3960,2016,31.8
2170,243.0,4020,2001,32.0
2290,257.0,4390,1998,25.2
2600,303.0,4910,1992,28.2
2180,266.0,4170,2012,31.6
2200,240.0,4130,2013,33.8
2370,261.0,4130,2024,32.2
2270,249.0,4450,2004,30.2
2250,243.0,4130,2021,30.3
2410,294.0,4640,1979,28.3
2500,,4700,1981,27.0
2440,264.0,4460,2006,26.8
2590,310.0,4700,2013,29.7
2400,264.0,4370,1996,25.9
2250,276.0,4310,1989,28.9
2410,270.0,4290,1992,28.7
2060,235.0,3920,1998,32.6
2120,230.0,4040,1979,30.2
2220,228.0,3950,1982,30.1
2090,252.0,4060,1998,31.3
2320,251.0,4170,2012,32.9
2590,298.0,4380,2014,31.4
2270,243.0,4220,1978,27.7
2340,266.0,4170,1994,23.1
2300,272.0,4540,2013,31.9
2470,274.0,4310,2006,32.4
2230,221.0,3920,1991,30.7
2110,244.0,4160,2014,35.3
2450,282.0,4380,2017,36.6
2380,268.0,4330,2013,28.8
2300,260.0,4240,2008,34.3
2220,256.0,4410,1999,27.4
2090,246.0,4080,2008,28.8
2640,286.0,4870,1999,29.9
2120,243.0,4250,2022,31.5
2420,266.0,4550,2019,29.5
2370,243.0,4740,1990,26.8
2510,269.0,4530,1990,25.1
2160,242.0,4310,1980,29.4
2120,,4010,1981,28.0
2470,297.0,4430,1992,22.1
2190,232.0,3650,1999,32.2
2060,215.0,4380,1986,25.9
2140,,4380,2022,29.8
2410,250.0,4590,1990,27.4
2340,283.0,4190,1992,27.5
2310,270.0,4270,1998,29.7
2180,246.0,4420,2005,29.8
2730,278.0,4470,1994,30.4
2320,271.0,4050,1993,28.3
2140,235.0,4460,1976,28.9
2350,267.0,4390,2016,34.9
2470,284.0,4180,2016,32.1
1830,193.0,3690,2010,36.1
2330,247.0,4290,2007,30.3
2290,237.0,4080,1988,30.8
2180,239.0,4320,1997,25.2
2110,214.0,4270,2015,30.4
1980,222.0,3660,1994,28.8
2260,250.0,4100,1992,29.8
2070,262.0,4170,1992,31.2
2170,,3920,1977,30.9
2220,242.0,4540,2006,30.4
2260,241.0,4420,1979,26.4
2420,279.0,4770,2006,32.2
2520,258.0,4720,1999,25.6
2270,245.0,4540,1992,27.0
2440,274.0,4270,2001,28.6
2450,280.0,4710,1985,22.8
2850,325.0,4730,1985,25.9
1900,234.0,3870,2015,35.4
1980,253.0,3870,1987,27.5
2480,283.0,4620,2013,26.9
2290,265.0,4230,2020,29.4
2290,,4170,1981,31.6
2260,268.0,4320,2014,27.7
2450,297.0,4540,2022,33.9
2430,250.0,4400,1993,28.9
2610,266.0,4910,1979,26.4
2530,284.0,4370,1982,26.7
2540,295.0,4610,2003,27.9
2270,250.0,4400,2004,33.7
2130,233.0,3730,2011,33.6
2320,259.0,3870,1991,31.1
2150,271.0,4200,2000,30.3
2430,272.0,4470,1998,26.9
2180,226.0,3960,2000,30.8
2590,288.0,4510,2005,33.7
2500,274.0,4590,1991,26.2
2160,232.0,4240,2002,31.6
2340,240.0,4150,2021,30.4
2140,,4300,1978,28.1
2390,240.0,4290,1999,27.8
2070,223.0,4120,2008,34.3
2520,289.0,4830,1996,26.9
2120,277.0,4200,1989,26.7
2050,297.0,4370,2000,28.5
2370,258.0,4530,2008,29.6
2360,274.0,4530,1999,24.9
2200,222.0,4100,2007,32.4
2280,262.0,4110,1986,29.4
2430,261.0,4650,1991,24.3
2120,,3960,1976,30.8
2430,,4280,1984,29.0
2520,287.0,4470,1975,27.6
2200,253.0,3910,1985,31.6
2180,230.0,3880,2001,30.4
2250,272.0,3980,1981,28.2
2070,255.0,4200,1989,30.7
2470,256.0,4390,1982,29.7
2040,,4090,1977,34.1
2090,249.0,4180,2002,31.3
2560,276.0,4670,1982,26.5
2110,264.0,4240,1989,26.1
2340,250.0,4540,2010,28.5
2160,220.0,4020,2019,33.8
2170,259.0,4340,2007,32.5
2360,264.0,4010,1999,29.5
2120,,3940,1976,27.6
2820,306.0,4550,1998,25.8
2290,242.0,4350,1990,27.5
2480,244.0,4430,2011,35.3
2030,257.0,3980,2003,32.6
2420,275.0,4470,2012,31.9
2000,222.0,3720,1985,32.2
2320,277.0,4180,2014,33.5
2590,257.0,4710,2023,30.3
1850,198.0,3970,2019,34.9
2380,281.0,4580,1995,28.3
2050,231.0,4020,1988,28.9
2090,250.0,3970,1996,30.1
2130,231.0,4310,1980,24.2
1890,245.0,3870,2023,36.6
2210,252.0,4380,2020,32.2
2320,260.0,4140,2016,29.7
2260,261.0,4140,2004,29.6
2390,250.0,4540,1991,31.1
2020,211.0,4190,1987,28.5
2550,,4330,1983,28.2
2180,255.0,4230,2004,28.5
2260,270.0,4300,1984,26.0
2140,235.0,4390,2007,31.7
1960,197.0,3990,2009,30.3
2300,245.0,4190,1999,32.2
2360,266.0,4770,1992,31.6
2150,271.0,3860,1983,30.2
2140,234.0,4130,1989,29.5
2180,264.0,4550,2019,28.1
1890,,3990,1981,31.9
2120,238.0,3920,1999,33.4
2260,267.0,4150,2009,31.0
2450,259.0,4270,2003,26.5
2340,258.0,4400,2017,32.0
2220,264.0,4310,2015,31.3
2570,277.0,4680,1989,29.8
2190,263.0,4680,2011,27.9
2070,251.0,4060,1988,32.2
2130,256.0,4090,2013,33.3
2250,247.0,4200,2004,29.0
2480,,4600,1976,27.3
2650,319.0,4930,1983,23.8
2320,,4440,2014,26.3
2370,260.0,4650,1987,24.1
2360,285.0,4430,2005,30.4
2420,286.0,4260,1989,31.5
2350,,4350,2008,30.7
1930,209.0,3770,2002,29.8
2410,292.0,4310,1988,28.8
2140,,4260,1976,29.2
2270,239.0,4230,2012,32.2
2430,263.0,4450,2010,31.9
2400,274.0,4080,2005,31.4
2180,239.0,4500,1979,33.0
2160,241.0,4050,1993,30.1
2190,255.0,4000,2004,32.6
2170,242.0,4120,1994,30.6
1930,216.0,3590,2020,35.2
2460,,4120,1982,27.3
2290,237.0,4280,2000,27.3
2360,,4230,1982,26.5
2190,253.0,4080,2001,31.8
2280,263.0,4740,1984,25.8
2120,234.0,4060,1979,28.6
2280,274.0,4430,1994,28.4
2200,242.0,4220,1994,28.5
2270,256.0,4050,2021,33.9
2570,278.0,4490,2020,28.3
2360,244.0,4100,2012,29.8
2830,307.0,4760,2023,29.7
2470,268.0,4260,2012,30.3
2370,253.0,4160,2003,29.3
2060,211.0,3940,2016,35.4
2200,,4070,1980,26.7
2240,238.0,4540,2022,27.1
2460,284.0,4530,1995,31.2
2150,244.0,4060,2002,29.3
2450,267.0,4700,1986,24.8
2260,262.0,4590,2002,29.2
2300,270.0,4210,1976,28.5
2240,265.0,4540,2016,27.5
2310,256.0,4230,2001,26.7
2540,301.0,4910,2007,26.8
2160,208.0,4190,1992,28.6
1900,202.0,4070,2015,32.8
2360,270.0,4540,2015,29.8
2130,258.0,4270,1998,30.4
1840,219.0,3560,2015,34.6
2450,299.0,3850,2012,32.6
2300,251.0,4220,2021,34.4
2190,254.0,4040,1984,29.0
2380,267.0,4880,1997,30.3
2180,250.0,4210,1986,28.3
2280,243.0,3910,1998,29.8
2430,267.0,4260,2008,31.8
2450,267.0,4470,2000,28.1
2330,286.0,4390,1995,29.2
2440,262.0,3980,1988,29.3
2350,276.0,4640,1987,29.0
2350,270.0,4500,2006,30.8
2360,269.0,4300,2008,31.3
2150,234.0,4310,2014,32.2
2400,290.0,4530,1995,28.8
2210,244.0,4330,1999,27.6
1940,238.0,3970,2012,34.6
2610,,4960,1981,22.6
2190,252.0,4560,1987,26.8
2170,257.0,4250,1984,28.6
2400,245.0,4610,2011,36.2
2440,255.0,4380,2016,29.5
2410,,4280,1980,30.9
2580,288.0,4690,2004,34.3
2350,269.0,4620,2019,31.4
2220,244.0,4500,2014,30.4
2280,272.0,4370,2013,28.6
2270,250.0,4600,1990,31.0
2100,230.0,3890,1996,30.4
2440,283.0,4210,1982,29.0
2460,233.0,4350,2002,28.7
2160,261.0,4200,1979,26.0
2260,235.0,4230,2014,31.5
2050,235.0,3880,2023,33.9
1970,235.0,4070,1979,27.4
2410,265.0,4480,2014,29.0
2550,256.0,4270,2003,27.9
2080,226.0,3760,1979,29.8
2250,222.0,4160,2011,30.2
2220,241.0,4270,1990,25.4
1940,235.0,3830,1979,27.4
2230,235.0,4400,2010,33.4
2500,276.0,4590,2003,26.7
2210,232.0,4070,1988,35.4
2330,251.0,4260,1986,26.7
2160,213.0,4130,1989,33.2
1940,237.0,4180,2007,28.0
2450,274.0,4260,2009,28.7
2150,254.0,3670,2011,37.7
2140,239.0,4160,1995,31.9
1950,231.0,4150,1989,32.8
2390,268.0,4300,2004,26.2
2450,280.0,4460,2010,29.3
2040,238.0,4040,2015,36.6
1980,230.0,3840,2018,33.3
2390,239.0,4240,2022,32.7
2300,261.0,4590,1984,24.3
2000,208.0,3960,1993,33.0
1980,224.0,3740,1979,31.4
2260,267.0,4120,1985,32.1
2240,243.0,3830,1989,32.2
2040,225.0,4130,2021,30.1
2400,259.0,4350,2018,29.1
2300,251.0,4470,1976,26.3
2600,,4750,2006,26.5
2330,257.0,4120,2007,32.0
2500,306.0,4460,1980,27.0
2160,252.0,4130,1989,30.0
2040,,4040,1982,35.9
2020,226.0,3830,2011,33.3
2230,235.0,4160,2020,35.8
2030,245.0,3810,1985,28.8
2470,256.0,4110,1992,32.2
2010,195.0,4320,1999,33.9
2420,268.0,4260,2024,35.0
2350,271.0,4290,2010,26.8
2390,287.0,4590,2010,28.2
2200,275.0,4480,1999,27.4
2130,258.0,4490,1989,28.5
2340,257.0,4340,1978,29.4
2310,263.0,4150,1987,28.0
2280,230.0,4180,1988,30.3
2050,237.0,4220,2000,30.3
2380,254.0,4190,2005,32.8
2400,,4520,2013,30.8
2420,259.0,4770,1984,25.2
1860,191.0,3730,2015,34.8
2140,266.0,3880,2014,34.1
2500,263.0,4200,2001,26.0
2230,268.0,4310,2006,26.5
2400,,4470,1984,28.3
2370,271.0,4650,2004,32.2
1890,219.0,3860,2022,30.6
2670,287.0,4830,2017,34.0
2230,268.0,4740,2003,29.0
2430,,4370,1978,24.9
2090,246.0,4150,2000,31.1
2150,223.0,4120,1987,29.2
2480,280.0,4410,2016,31.2
2470,261.0,4430,1990,25.8
2190,250.0,4840,1997,27.3
2750,295.0,4560,1994,27.5
2060,253.0,4150,1977,29.2
2530,258.0,4680,2024,29.2
2260,286.0,4250,1976,24.9
2290,,3960,1982,26.4
2150,236.0,3980,2001,33.6
2220,226.0,4180,2009,32.1
2180,239.0,4250,2002,33.1
2150,238.0,4290,2016,31.7
2430,260.0,4080,1983,28.5
2210,,4430,1980,28.2
2140,232.0,4210,2014,28.4
2260,263.0,4150,2018,30.1
2210,231.0,4220,1999,29.5
2510,288.0,4510,1992,29.5
2450,280.0,4430,1979,26.0
2340,283.0,4700,1997,25.0
2470,245.0,4360,2008,29.8
2140,240.0,4190,2019,32.0
1910,212.0,3910,1977,30.0
2210,250.0,4620,1980,24.8
2120,250.0,4210,1992,31.0
2090,240.0,3860,1976,31.6
2220,236.0,4160,1989,33.1
2470,,4410,1992,27.8
2230,256.0,4060,1998,29.7
2220,249.0,3800,1999,30.1
2470,248.0,4320,1992,27.1
2200,211.0,4330,1995,29.0
2540,285.0,4350,2017,28.8
2250,227.0,4150,2023,31.4
2520,264.0,4090,2014,31.6
2370,269.0,4260,2007,28.7
2520,279.0,4500,2020,29.9
2060,257.0,4030,1977,32.6
2280,244.0,4430,2008,32.8
2220,253.0,4160,1979,28.1
2300,274.0,4630,1999,26.0
2510,280.0,4370,1980,23.8
2560,276.0,4520,1992,25.6
2460,255.0,4730,2022,27.6
1960,245.0,3800,2022,34.5
2010,229.0,4190,1989,29.4
2280,250.0,4340,1986,34.3
2470,265.0,4270,2002,30.1
2490,279.0,4440,1993,24.3
2550,268.0,4660,2009,28.4
2370,,5040,1982,27.0
2150,212.0,4240,2010,34.4
2240,230.0,4520,2004,29.1
2140,236.0,4130,2015,32.6
2300,,4090,1981,30.0
2510,281.0,4580,1993,29.5
2130,238.0,4070,2020,33.7
2520,277.0,4480,1985,29.7
2170,231.0,4010,2024,30.4
2400,273.0,4160,2009,29.5
2260,248.0,4140,2002,34.8
2400,277.0,4550,2004,35.7
2320,280.0,4550,1980,24.5
2290,269.0,4170,1998,31.3
1790,200.0,3790,1978,32.0
2000,214.0,4090,2009,33.0
2120,222.0,3810,1988,32.1
2180,268.0,4030,2022,32.2
2200,260.0,4340,2001,30.9
2300,246.0,4210,1995,29.6
2120,252.0,4640,2000,28.1
2130,245.0,4160,2004,33.0
2610,286.0,4740,1997,26.9
2350,274.0,4410,2002,30.7
2270,248.0,4230,2005,29.1
2540,300.0,4570,1990,26.1
2200,246.0,4510,2004,29.4
2340,250.0,4330,1998,26.9
2380,290.0,4490,1998,28.1
2560,270.0,4490,1991,28.2
2340,251.0,4310,1997,32.5
1910,,4220,1988,27.9
2070,255.0,4080,2006,31.0
2320,266.0,4310,2000,28.9
2560,287.0,4420,2022,36.2
2140,273.0,4300,2019,29.8
2290,275.0,4330,2011,26.8
2250,242.0,4200,1986,29.4
2380,286.0,4460,1983,26.0
2370,257.0,4210,2023,33.2
1990,220.0,3900,2007,34.8
2100,249.0,3970,1997,32.2
2130,,4360,1979,28.4
2230,256.0,4270,1997,26.9
2180,237.0,3930,2001,34.1
2410,274.0,4220,1998,30.7
2180,243.0,3870,2006,31.9
2330,236.0,4300,2011,30.3
2290,269.0,4200,1978,26.7
2220,244.0,4180,2002,30.1
2190,248.0,4280,2001,31.1
2610,313.0,4630,2000,30.1
2400,280.0,4500,1975,30.4
2370,284.0,4520,1988,25.5
2250,263.0,4300,1979,27.3
2470,261.0,4370,1983,24.8
2000,236.0,3880,1989,28.9
2510,259.0,4500,1990,25.9
2330,262.0,4090,1996,33.7
2620,279.0,4690,2004,26.5
2350,288.0,4810,2001,26.8
2310,256.0,4640,2021,28.5
2520,283.0,4860,2011,27.3
2370,277.0,4410,1980,28.5
2260,250.0,4170,1996,33.3
2560,296.0,4300,2020,34.4
2400,,4270,1977,30.5
1860,,3980,1979,32.4
2290,244.0,4110,2004,28.1
2330,,4380,1981,25.5
1980,247.0,3910,1979,28.9
2160,253.0,4240,1993,26.1
2030,257.0,4110,1981,28.5
1870,238.0,4340,1993,29.0
2440,267.0,4120,1991,26.6
2350,280.0,4570,1999,24.5
2110,217.0,3900,1978,32.3
2200,219.0,4160,1997,28.7
2440,272.0,4240,1996,26.5
2190,235.0,4020,1987,25.5
2160,290.0,4460,1978,30.1
2220,269.0,4450,1975,26.9
2110,253.0,4210,2024,31.0
2140,262.0,4220,2018,29.9
2510,279.0,4340,2008,28.0
2370,276.0,4250,1989,29.8
2390,265.0,4790,1990,26.5
2450,257.0,4000,2005,31.4
2380,279.0,4670,2016,26.5
2260,282.0,3930,1985,27.7
2430,266.0,4160,2003,33.6
2400,243.0,4370,2002,27.6
2290,258.0,4320,1986,26.6
2190,232.0,4350,1981,25.3
2310,240.0,4250,1998,34.2
2370,251.0,4270,2015,27.6
2300,245.0,4270,1986,27.8
2210,246.0,4240,2016,29.9
2230,284.0,4040,1978,27.0
2280,266.0,4550,1982,27.4
2210,261.0,4590,1987,25.9
2590,278.0,4410,2007,29.9
2430,265.0,4680,1998,27.5
2300,270.0,4610,1984,28.9
2360,304.0,4270,1984,27.2
2070,233.0,4240,2013,30.2
2070,228.0,3910,2024,34.5
2320,251.0,4390,2012,30.7
2110,249.0,3660,1987,31.8
2090,244.0,4380,2011,29.6
2280,252.0,4680,2021,29.2
2320,261.0,4440,2011,31.3
2180,251.0,4100,2022,32.5
2230,244.0,4530,2019,38.8
2220,267.0,4390,2015,28.2
2200,254.0,4420,2004,29.6
2190,238.0,4410,2000,27.9
2610,,4610,1980,28.4
2130,247.0,3910,2004,34.3
2320,258.0,4150,2024,28.5
2220,268.0,4020,1986,30.8
2390,,4250,1993,32.5
2450,258.0,4800,2009,32.4
2310,,4250,1976,28.4
2240,270.0,4270,1977,29.4
2360,262.0,4460,1981,28.3
2130,237.0,4020,2024,32.4
2500,310.0,4560,1996,30.0
2360,253.0,4440,2009,32.1
2430,276.0,4480,1997,29.0
2330,251.0,4230,1997,30.9
2190,259.0,4160,1986,31.3
2430,291.0,4300,2022,32.8
2360,262.0,4730,2001,24.1
2280,261.0,4210,2020,30.4
2130,248.0,4330,1996,28.4
2410,261.0,4260,2018,29.9
2400,291.0,4250,1991,27.1
2330,262.0,4320,2020,31.9
2670,332.0,4770,2017,31.4
2320,267.0,4010,2010,35.7
2460,268.0,4570,1978,25.9
2230,254.0,4450,2022,32.8
2290,276.0,4030,2018,31.0
2180,234.0,4320,1995,27.8
2380,264.0,4560,1996,24.9
2220,262.0,4370,2003,30.6
2370,,4590,1981,26.5
2220,227.0,4420,2002,28.0
2310,268.0,4420,1990,29.4
2130,241.0,3860,1991,28.6
2590,262.0,4570,1995,26.5
2190,257.0,3940,1997,29.8
1820,231.0,3990,2016,33.3
2000,245.0,3930,2002,28.9
2310,296.0,4660,1990,28.8
2530,279.0,4800,2013,28.8
2490,304.0,4320,2011,31.1
2230,234.0,4150,1988,29.5
2120,254.0,4160,1992,31.8
2690,294.0,4370,2000,27.5
2020,237.0,4200,2021,32.1
2390,264.0,4540,2005,29.5
2360,250.0,4300,2004,31.1
1870,208.0,4200,2023,31.1
2500,283.0,4690,1993,23.1
2220,210.0,4330,1995,28.7
2330,244.0,4220,2010,35.9
2290,228.0,4210,1985,27.4
2120,259.0,4160,2023,32.6
2340,237.0,4570,1985,27.4
2340,,4270,1977,25.9
2240,259.0,4240,1993,28.3
2310,277.0,4240,2001,28.7
1940,213.0,3810,1998,36.7
2360,,4390,1976,29.7
2170,222.0,3820,2015,33.0
2200,246.0,4650,2002,27.1
2290,247.0,4090,2003,27.4
2190,235.0,4530,2007,27.7
2350,260.0,4200,2015,27.0
2210,258.0,4510,2015,32.7
2060,,3920,1978,28.3
2300,272.0,4270,2016,31.9
2430,273.0,4500,2019,33.9
2250,245.0,4130,2003,35.3
2240,258.0,4420,1981,24.3
2280,226.0,4310,1997,28.2
2560,300.0,4690,2021,29.1
2420,288.0,4420,1976,24.4
2460,273.0,4840,1998,25.6
2360,,4190,1977,23.8
2480,285.0,4370,1983,28.1
2290,239.0,4200,1986,33.0
2280,242.0,4410,1980,28.6
2590,295.0,4640,1995,26.0
2420,,4280,1997,31.2
2180,257.0,4160,1992,24.7
2850,332.0,4650,1993,28.2
2330,255.0,4380,2007,31.7
2350,279.0,4200,2016,30.1
2140,246.0,4240,2019,34.3
2090,241.0,4180,2012,33.9
2230,260.0,4360,2015,28.8
1910,,4150,2014,33.0
2350,,4440,1982,25.8
2320,251.0,4400,2008,30.2
2040,,4490,1983,25.5
2120,205.0,4230,2014,32.6
2200,,4200,1976,28.2
2250,245.0,4220,2016,33.9
2210,251.0,4520,1998,23.9
2060,239.0,4060,2006,32.2
2360,268.0,4750,1995,25.1
1910,220.0,3820,2019,34.3
2100,252.0,4150,1992,29.4
2530,275.0,4210,1999,32.1
2240,256.0,4150,2019,28.2
2270,264.0,4270,1998,28.6
2220,255.0,4090,1987,33.1
2100,259.0,4300,2016,27.4
2470,256.0,4390,1991,27.1
2130,230.0,3790,2000,31.9
2320,,4530,1979,25.8
2060,207.0,3940,1991,30.5
2230,237.0,4260,1987,30.6
2420,270.0,4270,2015,30.4
2090,249.0,4150,2024,30.9
2290,250.0,4280,2019,31.6
2330,259.0,4390,2003,28.8
2370,,4280,1983,30.3
1980,238.0,4200,2006,31.4
2250,,4140,1981,25.0
2210,233.0,4340,1985,29.8
2410,286.0,4410,1991,28.9
2420,265.0,4490,2001,30.0
2290,263.0,4120,2010,35.9
2260,282.0,4190,2000,30.9
2340,247.0,4520,2009,29.1
2150,257.0,4290,1998,29.1
2540,287.0,4470,1998,31.8
2360,266.0,4400,2007,35.7
2460,288.0,4330,1993,26.2
2170,236.0,4120,2009,31.7
2160,228.0,3920,1976,27.4
2110,258.0,4170,1982,30.7
2210,236.0,4330,2018,31.1
2220,213.0,4350,2007,29.2
2280,246.0,4250,2021,33.3
2320,242.0,4050,2014,33.6
2060,207.0,3820,1990,28.7
2200,269.0,4230,2004,30.3
2190,264.0,4280,2009,32.0
2700,314.0,4780,1987,31.2
2380,257.0,4630,2016,30.1
2390,287.0,4340,1985,26.4
1930,202.0,4130,1994,30.9
2050,221.0,3940,1981,28.0
2610,302.0,4440,1994,26.6
2370,282.0,4720,1991,27.0
2410,249.0,4590,1983,24.2
1840,223.0,3770,2012,33.9
2310,244.0,4350,1978,26.7
1960,245.0,3940,2020,33.0
2130,249.0,4180,2009,33.9
2550,271.0,4870,1991,25.3
2290,253.0,4290,1999,32.4
2300,269.0,4530,2016,27.6
2140,229.0,4040,2018,34.5
2350,245.0,4560,1982,29.3
2350,247.0,4180,2020,33.8
2090,234.0,4240,1992,28.4
2380,268.0,4340,1978,25.4
2250,250.0,4420,1994,28.2
2290,250.0,3930,2020,31.0
2210,260.0,4110,2018,34.3
2190,244.0,4270,2005,30.8
2250,252.0,3990,2002,29.0
1950,234.0,4250,2007,30.7
2300,247.0,4030,2022,34.7
2510,285.0,4260,1985,30.0
2100,245.0,4330,1975,30.6
2280,245.0,4580,2011,28.6
2300,248.0,4220,2012,30.7
2020,235.0,4130,2010,33.5
2220,255.0,4140,2022,28.1
2350,259.0,4270,2010,29.6
2310,261.0,4050,1999,30.7
1900,213.0,3950,2005,33.6
1930,210.0,3780,2003,30.0
2110,233.0,4060,2005,30.8
2420,256.0,4440,2014,29.2
2280,276.0,4610,2014,32.7
2270,264.0,4480,2020,34.3
2680,301.0,4880,1984,23.1
2290,264.0,4160,1999,31.9
2220,272.0,3980,2019,32.2
2960,326.0,4910,1998,26.3
2270,232.0,3970,1997,35.4
2440,,4680,1982,25.2
2100,216.0,4070,2022,38.5
2180,270.0,4070,1990,27.2
2470,282.0,4420,1977,27.9
2250,264.0,4440,1980,25.3
2370,263.0,4760,1993,27.8
2370,236.0,4090,1980,26.5
2270,260.0,4410,1997,29.6
2170,222.0,4210,2008,30.8
2080,223.0,4000,1981,28.1
2480,273.0,4620,2002,29.8
2150,249.0,4380,2007,28.5
2210,262.0,4080,1990,28.6
2480,262.0,4540,1990,25.0
2520,282.0,4630,2012,29.4
2380,256.0,4270,1990,29.9
2510,277.0,4090,1987,26.2
2590,278.0,4320,1990,26.0
2220,265.0,4430,2009,25.2
2220,244.0,3860,2018,35.2
2550,280.0,4520,2008,28.7
2430,250.0,4550,2012,32.2
2390,,4390,1978,27.4
1920,225.0,3940,2003,32.1
2340,246.0,4130,1979,33.2
2420,,4430,1979,26.3
2510,305.0,4800,2007,26.7
2330,264.0,4130,1996,29.5
2310,287.0,4390,2003,28.6
2190,290.0,4170,2003,28.8
2470,264.0,4460,1988,25.7
2270,269.0,4640,2002,28.5
2520,309.0,4610,2024,29.7
1970,212.0,3610,2018,33.7
1990,222.0,3960,1989,30.9
2440,290.0,4610,2017,31.2
2270,,3840,1982,34.1
2360,244.0,4090,2023,31.6
2420,267.0,4380,2014,33.1
2130,243.0,3930,1978,30.1
2240,255.0,4370,1990,30.4
2050,240.0,4190,1982,28.1
2210,260.0,3990,1991,29.0
2530,294.0,4770,2014,34.2
2430,304.0,4820,1987,27.6
2190,259.0,4140,1994,30.4
2180,265.0,3740,1990,37.6
2140,250.0,4300,1977,27.2
2130,262.0,4050,2018,38.4
2380,317.0,4270,2004,30.5
2230,252.0,4390,1984,30.2
2440,275.0,4330,2002,28.0
2260,239.0,4190,2021,33.2
2080,236.0,4100,2011,33.8
1950,220.0,4540,2002,27.7
2010,236.0,4020,1995,30.4
2270,274.0,4580,2022,32.8
2310,258.0,4100,1990,29.0
2300,226.0,4000,1975,28.1
2610,,4650,1984,27.0
2470,260.0,4590,2000,29.9
2150,241.0,4110,2010,31.0
2210,263.0,4280,2001,30.3
2150,249.0,4290,2023,32.6
1930,228.0,3700,2004,34.7
2310,,4300,1985,26.5
2450,297.0,4410,1997,30.1
1910,229.0,4040,2006,30.7
2520,272.0,4480,2010,30.2
2140,245.0,4210,2000,34.3
2160,262.0,4140,1982,31.9
2280,256.0,4480,2005,29.7
2440,242.0,4240,1985,27.8
2160,254.0,4180,2020,32.5
2340,250.0,4200,1984,30.6
2080,235.0,4020,2009,33.0
2600,303.0,4730,2017,28.6
1850,227.0,3630,2014,34.3
2310,257.0,4230,1988,29.0
2110,243.0,4000,1989,29.3
2200,,4300,1977,24.1
2340,244.0,4290,1986,29.6
2300,225.0,4000,1986,30.9
2160,225.0,4360,1988,29.5
1900,227.0,4100,2019,36.3
2020,223.0,4260,1988,26.1
2270,262.0,3880,2015,34.9
2580,283.0,4780,1990,24.4
2150,237.0,4360,1995,28.3
2240,262.0,4240,2003,33.0
2200,247.0,4360,2023,34.9
2170,255.0,4240,2008,32.7
2080,232.0,4170,1985,29.9
2200,271.0,4210,1985,29.0
1880,213.0,4080,2015,31.7
2040,221.0,3970,1999,34.6
2400,249.0,4510,2006,32.7
2330,262.0,4370,2006,29.7
2290,268.0,4380,2001,29.9
2350,286.0,4190,1978,26.0
2220,266.0,4420,1985,28.2
2140,269.0,4450,1997,30.5
2220,255.0,4360,2008,26.2
2000,216.0,3990,2016,33.5
2000,228.0,4200,2006,30.5
2140,228.0,4010,2020,31.8
1950,245.0,4020,2021,30.4
2430,308.0,4750,1983,28.6
2100,235.0,4070,2007,29.5
2600,269.0,4760,1991,23.8
2230,236.0,4240,2017,29.7
2110,234.0,3980,2024,38.0
2380,277.0,4260,2009,27.7
2340,270.0,4480,2018,30.2
2240,261.0,4040,2020,36.3
2340,271.0,4480,2002,30.3
2110,227.0,4050,1989,31.1
2060,228.0,4000,1978,31.0
2190,250.0,3960,1977,30.3
1860,208.0,4070,1976,27.0
2310,307.0,4170,1986,28.1
2130,244.0,4420,2012,29.4
2260,247.0,4220,2021,30.9
2310,257.0,4470,1998,30.4
2250,252.0,4480,2007,27.8
1790,186.0,3880,1984,31.2
2420,280.0,4490,2006,32.9
2280,265.0,4330,1996,29.5
2370,266.0,4480,2011,28.0
2040,241.0,4060,1995,26.9
1940,230.0,3720,2014,32.5
2180,234.0,4530,2014,29.2
1980,211.0,4160,1983,26.2
2360,256.0,4530,1997,24.7
2330,273.0,4480,1999,30.3
2290,245.0,4100,1995,30.7
2130,240.0,4140,1983,26.6
1840,188.0,3330,1979,31.1
2000,210.0,3870,1998,38.0
2260,244.0,4370,1999,32.6
2410,277.0,4160,1986,30.7
2300,253.0,4430,2012,26.1
2310,228.0,4060,2002,31.2
2560,290.0,4430,1975,29.2
2190,233.0,4580,2003,27.8
2540,262.0,4170,1975,28.9
1920,238.0,3760,2006,32.9
2350,265.0,4710,2021,32.3
2280,244.0,4380,1999,30.5
2630,284.0,4710,2019,32.1
2120,229.0,4040,2011,29.3
2110,231.0,4540,1985,27.1
2420,285.0,4380,2015,27.1
2270,220.0,4300,2009,31.6
2240,280.0,4410,1991,28.0
2190,260.0,4220,2019,34.0
1960,224.0,3900,2022,30.2
2500,261.0,4210,2004,33.2
2570,280.0,4530,2014,29.8
2130,262.0,4180,2020,33.4
2100,,3920,1981,30.5
2050,247.0,4550,1991,26.8
2270,,3970,1983,31.5
2550,,4700,2017,29.9
2190,255.0,4440,2013,31.9
2320,268.0,4000,2023,30.5
2010,217.0,3930,2007,31.7
2460,263.0,4240,1990,27.2
2310,279.0,4240,2012,31.7
2020,218.0,3830,1992,32.0
2520,279.0,4690,2000,29.3
2350,,4490,1981,27.4
2260,249.0,4850,2022,29.7
2370,272.0,4650,2019,31.8
2160,257.0,4150,2000,30.9
2060,220.0,4130,1990,32.0
2390,281.0,4560,2009,30.0
2490,284.0,4430,1997,29.5
2340,259.0,4270,1980,31.2
2260,255.0,4470,2007,33.0
2080,,4040,1976,25.2
2300,240.0,4420,2012,34.5
2140,249.0,4270,1999,30.9
2080,242.0,4250,1993,27.0
2260,219.0,4110,1992,31.8
2470,281.0,4730,1984,25.5
2200,237.0,4330,1986,28.1
2160,259.0,4220,2021,31.9
2480,276.0,4660,1976,26.2
2070,232.0,4060,2012,32.1
2370,273.0,4490,2001,31.5
2330,,4320,2020,27.5
2420,,4230,1984,24.2
2300,249.0,3950,2021,35.0
2200,,4570,1982,24.7
2060,,4050,1978,23.6
2270,255.0,4140,1988,30.5
2230,265.0,4000,1986,27.3
2410,266.0,4420,1990,25.8
2090,244.0,4090,2024,32.8
2340,276.0,4380,2008,31.8
2580,301.0,4280,1983,27.6
2360,270.0,4520,2003,31.4
2420,248.0,4080,1977,27.1
1980,259.0,4150,2023,35.5
2130,257.0,4000,2003,30.2
2310,240.0,4490,1977,24.1
2180,247.0,4320,2012,29.1
2160,250.0,4220,1998,28.5
2170,242.0,4150,2012,34.5
2150,258.0,4210,2006,34.3
2380,274.0,4200,2016,31.0
2210,241.0,3920,1983,32.9
2400,256.0,4260,2011,28.4
2430,281.0,4320,2021,31.5
2330,246.0,4880,2003,34.4
2190,257.0,4190,2000,26.5
2040,245.0,4420,2018,30.7
2470,242.0,4390,2009,34.9
2160,251.0,4180,2020,30.0
2410,,4420,1978,26.8
1940,212.0,3920,1991,27.5
2140,279.0,4190,2009,33.7
2370,260.0,4180,2001,29.9
2580,266.0,4400,1979,24.0
2170,249.0,4190,1999,29.5
2100,229.0,4140,2023,35.9
2130,244.0,3930,1980,26.6
2320,,4400,1978,27.4
2180,272.0,4040,1990,31.2
2110,263.0,4380,1992,25.7
2400,280.0,4220,1988,24.7
2330,263.0,4300,2009,28.6
2410,268.0,4490,1980,29.1
2300,275.0,4210,1979,27.4
2240,260.0,3660,2012,36.6
2300,282.0,4590,1997,25.9
2450,261.0,4230,2015,33.1
2150,273.0,4380,1987,25.5
2080,211.0,3980,2007,32.6
2220,257.0,4680,2022,31.6
2580,276.0,4700,2020,25.4
2300,257.0,4030,2012,31.5
2450,298.0,4800,2007,26.9
2390,,4370,1976,28.6
2630,279.0,4620,2009,29.7
2320,266.0,4210,1985,33.3
2270,238.0,4330,2016,32.3
2390,258.0,4290,2000,30.3
2040,256.0,4040,2015,33.8
2400,265.0,4520,1991,29.7
2070,,3980,1976,30.8
2320,262.0,4370,1995,29.5
2310,244.0,4380,1999,32.2
2250,278.0,4180,2019,31.8
2230,244.0,4470,1998,31.3
2040,236.0,4150,1989,27.9
2380,246.0,4500,2014,32.3
2550,261.0,4560,2015,32.0
2490,312.0,4490,1998,28.7
2480,282.0,4360,2012,32.6
2280,266.0,4410,1977,26.8
2400,287.0,4220,1981,26.1
2180,233.0,4180,2011,33.4
2030,261.0,3990,2021,32.7
1770,200.0,3810,2007,33.2
2270,258.0,4300,2022,29.4
2180,266.0,4060,1983,26.9
2020,248.0,3880,1985,32.0
2120,252.0,4060,2009,34.5
2260,275.0,4230,1985,33.4
2110,255.0,4180,1991,31.6
2290,273.0,4300,1991,26.0
1930,208.0,3960,2007,31.2
1960,,3770,2009,32.1
2220,255.0,4390,2018,34.3
2400,,4290,1984,29.0
2310,251.0,4030,1991,33.3
2590,278.0,4780,2018,28.1
2450,270.0,4410,1996,27.8
2150,234.0,4550,2006,30.1
2360,278.0,4280,2013,32.9
2490,278.0,4960,1975,23.9
2350,249.0,4180,1992,29.2
2220,271.0,3870,2019,30.0
2210,256.0,4440,2011,30.8
2190,254.0,4180,2017,36.4
2010,210.0,3900,1998,33.0
2450,259.0,4410,1990,25.5
2400,278.0,4570,2007,32.2
2210,271.0,4230,1988,28.0
2270,236.0,4330,2001,30.2
2500,268.0,4110,2000,30.8
2100,236.0,3970,1994,32.5
2170,270.0,4220,1996,26.7
2300,244.0,4280,1993,33.6
2100,232.0,4110,2015,36.4
2150,223.0,4140,1985,30.4
2360,266.0,4880,2012,27.0
2200,236.0,4190,2021,32.8
2110,244.0,4260,1985,26.8
2010,201.0,3680,2009,37.5
2380,256.0,4480,2001,28.5
2130,236.0,4170,2018,31.8
1940,215.0,3770,2019,32.1
2130,214.0,4070,1997,29.9
2150,234.0,4170,2000,34.6
2330,258.0,4510,2018,28.7
2210,266.0,4450,2008,31.8
2320,278.0,3960,1987,28.1
2450,280.0,4540,1997,28.6
2140,267.0,4540,1983,31.3
2370,221.0,4440,1985,27.4
2190,248.0,4320,1991,27.2
2340,266.0,4580,2007,30.5
1970,238.0,4220,1989,31.1
2220,260.0,3870,2007,31.9
2420,287.0,4340,2011,34.6
2340,282.0,4660,1978,27.1
1960,227.0,4350,2005,28.4
2430,,4340,1984,27.9
2330,281.0,4040,1979,27.5
2030,,3900,1976,29.9
2450,281.0,4560,1993,30.7
2160,251.0,4200,1983,26.4
2180,226.0,4010,2022,33.2
2350,284.0,4270,1976,26.8
2230,244.0,4070,1985,27.5
2400,269.0,4350,1991,28.2
1940,223.0,3820,2024,35.7
2110,239.0,4030,1991,33.1
2150,,4350,1984,30.7
2090,233.0,4370,2022,32.8
2640,286.0,4570,1988,29.9
2420,265.0,4220,1990,28.1
2260,269.0,4300,2001,28.1
2320,251.0,4410,2006,31.4
2310,258.0,4600,2009,26.2
2250,241.0,4330,2017,31.7
2360,272.0,4320,2015,34.9
2180,246.0,4020,1996,30.2
2040,216.0,4180,1986,30.0
2410,282.0,4880,1992,24.3
2420,257.0,4330,2019,31.1
2140,214.0,4250,1976,29.2
2260,278.0,4210,2010,32.3
2180,268.0,4140,2020,35.1
2430,288.0,4580,1990,30.2
2260,277.0,4030,2000,34.7
2460,,4310,1980,26.8
2550,287.0,4460,1985,24.5
2250,257.0,4180,1999,32.0
2580,281.0,4500,1993,28.6
1970,234.0,4000,2018,30.6
2250,259.0,4110,2023,32.6
2170,240.0,4590,1991,27.8
1960,212.0,3880,1994,29.1
2480,277.0,4440,2005,28.5
2260,262.0,4380,2001,30.2
2310,269.0,4510,1985,26.3
2410,256.0,4260,2005,32.2
2340,233.0,4320,2014,32.1
2340,264.0,4520,1986,25.8
2440,259.0,4450,2023,34.4
2070,234.0,4140,2016,31.6
2310,246.0,4380,2004,31.6
2180,266.0,4480,2014,29.3
2330,258.0,4520,1983,26.7
1930,235.0,3670,1993,35.3
2340,267.0,4480,2005,28.4
2300,243.0,4220,1983,33.1
2450,265.0,4310,1991,29.6
2360,253.0,4320,2009,31.8
2210,,4130,1975,28.3
2150,256.0,4190,2002,30.9
1860,216.0,3870,1983,34.0
2020,216.0,3640,2005,35.8
2460,,4380,2024,33.6
2170,248.0,4030,2018,29.6
2060,250.0,4160,2005,34.6
2370,275.0,4530,1985,28.2
2480,270.0,4320,1999,31.0
2140,257.0,4290,1986,28.4
2250,244.0,3730,1988,30.5
2540,267.0,4330,2017,30.6
2200,244.0,4170,2001,30.7
2510,271.0,4570,1993,26.9
2160,251.0,4210,2022,33.8
2220,230.0,4170,1980,25.0
2400,267.0,4520,1994,25.3
2090,,3990,1984,29.5
2270,253.0,4560,2015,31.1
2120,236.0,4150,1987,25.3
2110,,3920,2021,32.5
2360,247.0,4210,1996,30.1
2250,261.0,4180,1983,33.2
2170,253.0,4140,1991,31.0
2080,246.0,3950,1986,33.4
2010,228.0,3720,2007,27.2
2220,273.0,4420,1999,29.4
2300,280.0,4180,2002,30.4
2240,252.0,4090,1991,28.2
2560,279.0,4880,2002,32.4
2290,,3820,1984,33.7
2630,277.0,4720,2011,29.3
2300,244.0,4200,2019,36.2
1800,250.0,3700,2008,33.6
2450,268.0,4200,1997,31.9
2210,260.0,4200,2000,28.4
2750,,4980,1975,21.2
2510,260.0,4440,2013,29.1
2050,,4250,1976,27.8
2470,291.0,4380,2007,29.7
2100,,4500,2015,31.5
2170,248.0,4140,2019,32.7
2380,268.0,4520,1992,28.7
2430,255.0,4230,1980,30.4
2250,274.0,4540,2002,27.9
2360,,4390,1977,27.0
2160,241.0,4020,2004,29.3
2520,275.0,4190,1989,32.3
2240,275.0,4180,2011,28.7
1960,,3970,1984,32.2
2390,265.0,4330,1982,30.3
2620,290.0,4760,2017,29.6
2450,249.0,4290,1985,23.2
2310,236.0,4550,1990,30.6
2430,266.0,4610,1983,25.8
2130,208.0,4410,2023,36.7
2360,278.0,4640,2000,31.3
2490,287.0,4680,2001,28.5
2030,226.0,3850,1985,32.1
2210,,4290,1984,32.5
2550,276.0,4560,1999,27.1
2250,248.0,4120,1984,27.0
1970,228.0,3920,1996,31.2
2190,286.0,4140,1979,28.7
2240,,4180,1975,26.4
2660,269.0,4400,2010,29.6
2480,257.0,4670,1983,27.0
2650,314.0,4920,2013,32.1
2150,241.0,4320,1976,27.9
2430,287.0,4290,1978,28.9
2170,241.0,3980,2023,33.7
1890,210.0,3730,1977,28.4
2240,260.0,4210,2011,32.6
2570,283.0,4490,1978,21.6
1780,187.0,4000,1997,35.4
2310,238.0,4280,2010,32.1
2390,248.0,4140,1999,35.4
2330,267.0,4060,2017,30.2
2330,280.0,4570,2006,29.8
2280,263.0,4200,2011,32.6
2060,235.0,4340,1989,25.8
2530,,4680,1980,26.0
2300,,4350,1975,25.7
2420,,4610,2011,28.0
2330,247.0,4420,2004,29.2
1930,209.0,3990,1998,30.0
2250,253.0,4440,2019,34.7
1820,203.0,3880,2001,32.8
2010,223.0,4190,2001,33.4
2190,280.0,4240,2004,30.9
2100,246.0,4070,2006,31.5
2230,,4420,2021,36.6
2380,,4210,1982,27.2
2530,263.0,4760,1978,23.7
2050,222.0,3870,2011,36.8
2460,264.0,4440,2004,28.9
2380,262.0,4630,1976,23.8
1960,244.0,4120,2015,35.8
2170,249.0,4260,1998,33.3
2230,272.0,4080,2011,33.0
2250,235.0,4080,2013,32.9
2330,250.0,4110,2014,36.5
2400,285.0,4600,2000,24.5
2080,249.0,3990,1984,30.2
2400,255.0,4380,1976,29.0
2330,271.0,4510,1988,26.2
2040,206.0,3820,2020,36.0
2120,246.0,4150,2024,38.2
2170,219.0,4050,1995,29.9
2490,289.0,4690,1993,26.2
2140,257.0,4120,2018,31.5
2320,278.0,4360,2023,32.1
1750,201.0,3810,2000,31.4
1930,209.0,3750,2010,34.7
2770,313.0,4940,2020,27.2
2580,266.0,4560,1987,24.5
2240,240.0,3910,2011,31.4
2300,267.0,4510,1997,27.8
2470,249.0,4210,1981,34.1
2320,255.0,4180,1986,32.0
2340,248.0,4250,1977,25.3
2300,260.0,4820,2022,33.0
2280,258.0,4040,1993,30.8
2370,244.0,4360,1985,29.9
2140,238.0,4140,1991,29.7
2120,246.0,4250,2023,33.7
2220,237.0,4390,2013,32.1
2250,273.0,4230,2023,33.8
2180,230.0,3870,1995,32.3
2060,231.0,4060,2023,36.3
2240,240.0,3750,2010,36.1
2110,244.0,4460,2004,31.7
2700,,4450,1981,25.7
2290,221.0,4220,1980,26.3
2400,268.0,4490,2011,32.4
2380,,4150,1977,25.9
2170,242.0,4110,1990,27.8
2350,265.0,4300,1984,30.1
2200,220.0,3770,1979,27.9
2670,304.0,4780,1983,27.9
2080,212.0,3850,2020,33.2
2240,,4290,1976,28.7
1960,238.0,3720,2004,31.5
2100,250.0,3920,1987,30.0
2080,226.0,4330,1998,30.6
2160,241.0,4130,2014,31.4
2570,287.0,4440,2013,31.0
2530,266.0,4770,2002,29.3
2090,228.0,3900,1996,32.9
2250,255.0,4290,2014,31.3
2240,263.0,4480,2022,36.2
2350,,4520,1983,27.3
2330,225.0,4340,1989,33.9
1890,246.0,4000,2000,30.5
2510,278.0,4590,2012,32.5
2040,247.0,4140,1995,33.0
2200,251.0,4400,2002,31.0
2420,,4150,1981,27.4
2260,,4490,1984,29.5
2270,254.0,4210,1976,28.7
2270,268.0,4740,2010,27.4
2200,252.0,3870,1997,32.6
2180,237.0,4020,1979,24.9
2260,239.0,4230,2000,28.6
2010,226.0,4040,2004,27.4
2210,276.0,4480,2022,31.0
2560,248.0,4380,1989,30.7
2200,242.0,4140,1976,28.2
2380,268.0,4750,2018,29.9
2140,265.0,4080,2011,33.5
2230,264.0,4480,2002,27.4
2380,269.0,3870,1989,29.0
2210,252.0,4140,2007,29.9
2160,231.0,4000,1997,31.2
1910,211.0,3620,2009,34.0
2180,261.0,4540,1995,28.9
2460,265.0,4380,1984,26.1
2410,,4670,2008,30.0
2370,268.0,4560,2011,29.7
2240,236.0,4230,1995,31.4
2530,254.0,4690,2016,27.7
2460,261.0,4410,2023,29.3
2610,270.0,4600,2023,28.4
2500,291.0,4520,1996,28.8
2300,249.0,4190,1978,27.5
2150,223.0,4320,2002,27.8
2330,269.0,4430,1989,26.6
2220,251.0,4150,1989,27.0
2460,,4450,1981,27.4
2330,253.0,4220,1979,26.5
2270,279.0,4270,1978,29.7
1990,,4250,2018,34.7
2190,252.0,4360,2012,30.0
2340,288.0,4310,1980,31.4
2150,244.0,4050,2017,34.3
2640,290.0,4740,2012,27.1
1980,233.0,4630,2008,30.2
2180,249.0,4330,1997,30.4
2430,246.0,4760,2017,30.2
2330,255.0,4250,2008,27.1
2320,245.0,4420,1996,28.8
2160,221.0,4090,2000,30.9
2290,241.0,4360,2019,38.4
2190,246.0,4340,2011,29.8
2580,266.0,4810,1990,26.1
2200,234.0,4330,1992,29.1
2090,234.0,3980,2001,33.5
1970,223.0,3930,1975,29.7
2140,251.0,4390,2001,32.3
2060,250.0,4350,1990,25.0
2150,249.0,4270,2012,32.1
2330,254.0,4350,1992,31.1
1970,234.0,3880,2019,32.3
2120,224.0,3970,1997,31.6
2040,231.0,3960,1999,31.5
2250,273.0,4260,2010,33.5
2210,235.0,4200,1986,30.0
2790,287.0,4660,1988,26.0
2310,265.0,4130,2013,29.0
2320,243.0,4080,2015,27.9
2240,251.0,4090,1991,30.8
2190,,4140,1978,27.6
2200,204.0,3870,1995,30.9
2210,247.0,4440,1983,29.2
2060,229.0,4500,2008,34.0
2280,269.0,4550,1999,29.1
2080,244.0,4020,2007,31.6
2250,258.0,4100,1977,25.6
2510,280.0,4200,1999,29.2
1900,248.0,3790,1995,29.9
2140,247.0,3990,1985,34.5
2580,,4730,1982,24.0
2370,254.0,4550,1987,29.1
2230,236.0,3940,2019,34.3
2440,287.0,4910,1995,24.8
2190,244.0,4450,1995,27.9
2370,274.0,4020,2008,34.1
2410,282.0,4740,1982,25.2
2220,232.0,4290,1990,31.6
2310,263.0,4200,1999,31.7
2060,253.0,3890,1989,27.4
2290,,4160,1982,27.1
1970,226.0,4100,1982,26.8
2360,269.0,4290,2010,31.8
2260,240.0,4670,1994,27.0
2410,269.0,4490,2017,32.9
2080,231.0,3910,2002,30.9
2300,257.0,4310,1977,28.3
2070,230.0,4150,1985,27.6
2450,264.0,4620,1985,24.3
2250,260.0,4360,2001,23.3
2400,242.0,4600,1982,28.3
2260,252.0,4020,1984,28.9
2130,248.0,4380,1983,29.5
2080,231.0,4210,2006,36.8
1850,198.0,3790,1997,28.8
2400,,4300,1982,30.9
2350,239.0,4300,2004,35.2
2120,242.0,3940,2008,31.2
2420,276.0,4080,1988,25.8
2280,259.0,4170,2013,31.0
2250,262.0,5010,1981,24.6
2270,253.0,4220,1991,29.2
2210,255.0,4380,2008,33.2
2130,246.0,4020,1995,30.1
2230,218.0,4190,1981,26.9
2190,271.0,3950,2009,30.5
2430,,4110,1983,30.4
2210,265.0,4450,2020,28.5
2220,283.0,4270,2012,33.1
2370,,4560,1978,30.4
1990,204.0,3770,2018,36.3
2130,,4360,2009,31.0
2440,267.0,4530,2007,24.6
2330,271.0,4430,1990,24.6
2350,255.0,4180,1980,25.8
2150,247.0,3980,1987,31.2
2510,246.0,4470,2006,28.4
2470,250.0,4350,1990,30.5
1910,207.0,4080,1996,29.0
2350,289.0,4590,1993,28.1
2470,270.0,4120,1981,32.2
2390,275.0,4290,2016,32.1
2230,240.0,4180,1988,30.0
2160,233.0,4200,1997,28.1
2240,242.0,4250,1996,30.1
2210,250.0,4440,2023,31.7
2140,227.0,4540,1977,23.7
2260,249.0,4060,1977,30.2
2240,238.0,4280,1984,26.0
2340,265.0,4210,2004,27.0
2430,264.0,4420,2001,33.2
2230,266.0,4090,2021,32.5
2470,287.0,4760,2012,28.6
2380,250.0,4310,2001,30.3
2090,211.0,3370,2000,32.6
2200,246.0,3950,1987,28.5
2220,243.0,4020,2017,33.1
2280,238.0,4550,1986,26.7
2700,302.0,4740,2018,33.8
2190,259.0,3890,2008,29.8
2570,270.0,4690,1982,27.7
2330,256.0,4610,2020,32.6
2160,243.0,4140,1981,28.3
2350,290.0,4260,1977,31.4
2170,223.0,4110,2010,30.9
2220,,4550,1979,26.4
2350,240.0,4680,2024,33.8
2480,,4650,1979,25.7
2260,254.0,4390,2004,34.4
2030,244.0,3860,1982,27.0
1870,219.0,4030,2015,31.2
2110,210.0,4370,2020,30.4
2400,262.0,4620,2018,33.4
1830,202.0,3410,2009,35.5
2050,245.0,4440,2020,30.9
2370,263.0,4580,2016,31.4
2190,284.0,4170,1990,33.6
2350,258.0,4410,1977,24.8
2730,282.0,4840,2019,30.7
2000,242.0,3970,2002,30.0
2270,252.0,4270,2007,28.4
2210,253.0,4050,1992,30.3
2310,260.0,4010,1984,28.9
2390,239.0,4220,1979,27.9
1970,230.0,3820,1996,26.3
1940,,4080,1982,29.7
2700,321.0,4400,1981,26.3
2060,220.0,4300,1979,24.9
2240,258.0,4150,2000,28.4
2420,,4340,1980,25.8
2350,292.0,4340,1987,27.7
2040,225.0,4050,1999,35.3
2360,243.0,4130,2008,31.2
2390,267.0,4470,1989,32.2
2540,258.0,4630,1998,30.3
2440,252.0,4360,2011,26.5
2180,240.0,4320,2012,30.7
2400,259.0,4060,2018,31.9
2370,255.0,4360,2002,34.2
2240,283.0,4540,2017,32.7
2270,246.0,4190,1985,30.8
2300,265.0,4520,1995,26.8
2150,228.0,4310,2017,32.4
2450,274.0,4290,1978,28.1
2250,266.0,4090,2008,32.1
2330,,4600,1979,27.1
2430,,4220,1982,25.5
2240,246.0,4580,2021,31.0
2340,264.0,4040,1987,29.7
2220,228.0,4370,1984,31.0
2220,,4110,1976,28.9
2200,245.0,4150,1988,31.6
2300,249.0,4430,1992,28.6
2320,,4030,1982,27.5
2130,238.0,4050,1997,30.9
2680,281.0,4480,1995,27.6
2470,277.0,4150,2021,30.9
2190,263.0,4050,1985,31.8
2110,235.0,4180,1976,30.0
1910,212.0,4030,2013,33.7
2260,264.0,4400,1998,33.1
2900,303.0,4700,2015,31.8
2210,283.0,3980,2018,29.6
2070,229.0,4000,2000,29.8
2420,,4650,1989,26.8
2400,262.0,4320,2010,33.8
2430,273.0,4080,2007,28.0
2340,250.0,4720,2020,30.6
2590,296.0,4960,1999,28.0
2160,254.0,4030,1989,31.3
2020,215.0,3930,1999,29.9
2230,242.0,4010,1998,31.1
2260,263.0,4540,1999,27.6
2520,279.0,4630,1991,27.4
2500,295.0,4560,2001,30.1
2050,242.0,4030,1994,31.3
2080,226.0,4070,1999,30.7
2680,287.0,4730,1987,23.6
2230,257.0,4430,2019,27.4
2240,256.0,4180,1975,31.3
2290,280.0,4200,2005,32.1
2390,298.0,4530,1996,24.9
2410,252.0,4630,2022,35.1
2270,259.0,4270,2019,33.0
2520,287.0,4340,1983,24.9
2330,258.0,4130,2009,36.6
2210,265.0,4050,1994,29.5
2020,218.0,3710,1997,34.1
2160,238.0,4210,2010,30.1
2420,272.0,4660,1990,27.4
2450,276.0,4290,1983,28.5
2390,261.0,4430,2019,32.5
2310,250.0,3910,2022,35.7
2690,265.0,4290,2006,28.9
2020,,4320,1979,27.0
2150,256.0,4250,2024,31.9
2360,245.0,4450,1979,26.6
2250,246.0,3940,1994,30.8
2450,275.0,4540,2013,28.3
1990,247.0,3960,1991,31.8
2150,240.0,4110,2008,31.5
2300,260.0,4600,2020,30.1
2050,224.0,4060,2022,32.0
2330,256.0,4440,2019,31.1
2050,246.0,3920,2012,29.2
2440,254.0,4690,2017,29.4
2210,238.0,4210,2017,34.7
2380,246.0,4810,1983,23.4
2520,249.0,4490,1982,27.8
2200,245.0,4150,1978,26.4
2250,258.0,4020,1993,31.3
2090,216.0,4040,2012,34.0
2220,245.0,4770,2005,28.8
2270,,4060,1993,30.7
2320,277.0,4350,2008,31.4
2160,234.0,4520,1992,29.3
2270,262.0,4280,1979,25.6
2310,235.0,4190,2022,36.3
2770,296.0,4620,2009,32.7
1940,231.0,3960,1999,35.4
2270,282.0,3970,2015,33.6
2230,249.0,4370,1982,29.8
1980,207.0,4210,2016,34.1
2380,,4560,1978,25.2
2480,238.0,4530,1997,28.8
2580,,4210,1976,22.1
2410,272.0,4310,1976,23.9
2180,282.0,4220,2001,30.3
2080,264.0,3910,2017,34.1
2360,270.0,4680,2023,32.5
2300,275.0,4570,2013,29.2
2270,247.0,4340,2005,27.3
2420,256.0,4450,1991,27.3
2480,,4810,1975,20.9
2400,306.0,4410,1988,26.0
2520,274.0,4310,1993,29.7
2290,261.0,4240,2018,33.9
2270,247.0,4550,2006,28.0
2590,270.0,4270,2005,31.4
2200,243.0,4000,2008,34.5
1930,215.0,3730,1998,36.6
2110,229.0,4360,1990,29.2
2370,,4330,1981,29.5
2100,219.0,4090,1990,29.4
2410,,4730,1981,26.6
2280,264.0,4320,1992,29.1
2100,224.0,4110,2019,31.6
2280,256.0,4230,1990,28.6
2600,294.0,4480,2002,27.8
2050,230.0,3790,2010,34.8
2180,223.0,3900,1997,30.4
2240,248.0,4300,1990,25.8
2180,270.0,4450,2002,31.6
2570,280.0,4750,1985,24.1
2240,260.0,4280,2022,34.9
2370,260.0,4540,2002,32.8
1760,200.0,3700,1989,31.2
2650,274.0,4560,2019,30.5
2190,248.0,4390,2019,31.7
1980,233.0,4190,1984,31.3
2310,247.0,4460,2024,33.4
2460,276.0,4930,2010,23.4
2250,270.0,4480,1992,26.7
2460,253.0,4510,2011,30.8
1870,203.0,3600,2018,34.2
2480,276.0,4330,2017,28.2
2210,228.0,4080,1997,29.7
2030,245.0,4080,1981,34.7
2040,237.0,4030,2008,32.6
2360,303.0,4330,2013,30.8
2280,263.0,4690,1984,24.7
2300,252.0,4120,2024,29.6
2240,225.0,4470,1993,28.7
2370,279.0,4290,2006,31.7
2230,277.0,4410,1996,31.8
2230,271.0,4100,2009,31.2
2480,274.0,4520,1988,29.5
2200,,3920,1977,26.0
2130,250.0,3950,2020,34.9
2200,259.0,4030,2019,33.1
2320,235.0,4420,1999,30.6
2010,252.0,4130,1989,26.6
2330,279.0,4580,2018,30.0
2410,284.0,4320,1989,30.1
2190,238.0,4040,2023,32.0
2200,252.0,3920,2010,30.7
2310,276.0,4120,1995,30.9
2130,235.0,4310,1994,26.7
2370,235.0,4300,1993,29.8
2220,276.0,4500,1994,26.2
2380,,4170,1982,29.7
2250,276.0,4410,1976,30.5
2440,248.0,4420,2009,31.3
2610,306.0,4950,2018,28.7
2250,253.0,3840,2002,32.2
2350,278.0,4330,1980,25.6
2340,265.0,4170,2017,29.2
2290,,4070,1976,27.8
2300,257.0,4330,1995,30.7
2370,,4520,1978,33.1
2200,240.0,4220,1988,29.1
2230,,4690,1980,22.3
2390,279.0,4450,1987,27.0
2150,265.0,4200,2008,34.9
2090,237.0,4260,1995,28.4
2210,253.0,4180,2002,28.0
2040,206.0,3900,1999,29.1
2300,279.0,4230,1994,28.2
2050,208.0,4440,2015,31.1
2450,,4820,1978,26.1
1990,206.0,4010,2015,36.3
2580,287.0,4630,1999,27.8
2270,242.0,4390,1982,31.3
2130,231.0,3840,1987,31.3
2210,248.0,4090,2008,33.3
2310,266.0,4280,1990,33.3
1860,207.0,4270,2019,33.3
2150,263.0,4340,1991,31.3
2580,273.0,4340,2016,29.6
2380,247.0,4710,1997,26.1
2060,239.0,3860,2023,32.2
2180,,4460,1976,28.8
1900,197.0,4100,2008,37.9
2220,245.0,4050,2009,29.4
2370,289.0,4750,2013,28.2
2370,,4390,1983,30.4
2330,259.0,4330,1979,27.1
2260,265.0,4280,1997,26.5
2290,230.0,4030,2015,33.1
2220,,4150,1980,30.5
2240,249.0,4460,2010,29.5
2160,247.0,4250,1984,29.7
2000,222.0,4440,2003,27.7
2240,277.0,4350,1994,30.6
2040,243.0,3990,2012,34.2
2270,276.0,4420,2023,33.0
2360,261.0,4440,2004,31.0
2610,280.0,4360,2005,27.0
1820,218.0,3730,1982,34.1
2420,254.0,4360,1983,28.2
2200,236.0,4180,2012,31.7
1990,225.0,4060,1993,31.2
2120,224.0,4300,2008,27.0
2180,270.0,4450,2004,32.2
2480,290.0,4690,2022,27.3
2250,,4370,1978,25.9
2420,249.0,4000,1999,29.0
2300,244.0,4530,2011,29.3
2040,255.0,4490,2016,31.1
2330,269.0,4410,2009,25.2
2310,253.0,4140,2002,28.6
2400,249.0,4240,2013,31.5
2310,251.0,4970,2013,26.5
2300,279.0,4410,2016,29.0
2430,259.0,4410,2008,27.7
2030,217.0,4120,1985,35.5
2390,238.0,4460,1993,26.2
2330,240.0,4360,2004,30.9
2330,233.0,4180,1998,26.3
2090,226.0,3690,2023,35.4
2160,256.0,3960,2021,32.0
1890,231.0,3820,2011,33.0
2300,253.0,4140,2016,31.0
2370,253.0,4450,1984,27.5
2470,,4400,1984,28.5
2420,282.0,4350,1996,29.0
2090,223.0,4070,2017,33.5
2360,254.0,4250,2020,33.8
2260,,4490,1984,25.4
2070,270.0,4160,2018,30.2
2280,237.0,4340,1975,25.3
1840,229.0,3940,2005,34.2
2310,243.0,4190,2013,33.6
2370,240.0,4510,2012,30.2
2180,253.0,4510,1996,29.0
2100,237.0,3790,2013,35.1
2800,294.0,4740,1975,23.1
2440,286.0,4440,2009,26.9
2190,245.0,4090,2018,30.0
2300,252.0,4190,2010,30.9
2310,,4060,1979,32.2
2450,266.0,4350,2022,28.9
2400,273.0,4290,2021,30.1
2470,293.0,4300,2023,30.9
2380,263.0,4640,2014,30.5
2280,262.0,4490,1975,26.5
1980,230.0,3800,1980,31.4
2380,288.0,4290,1988,31.4
2260,250.0,4450,2001,31.8
2460,268.0,4490,1999,28.2
2450,269.0,4370,1986,28.1
2230,238.0,4180,1989,31.7
2260,,4540,1984,26.2
2390,266.0,4510,1991,30.8
2670,287.0,4540,1989,24.3
2170,229.0,4050,2009,36.3
2050,249.0,4240,1987,30.8
1920,225.0,3840,1984,31.6
2240,249.0,4750,1995,27.5
2210,236.0,4010,1994,30.7
2390,252.0,4310,2010,28.1
2540,292.0,4750,2004,30.0
2020,230.0,4000,1989,29.7
2120,241.0,4490,1987,27.4
2730,315.0,4640,2003,28.7
1960,249.0,3900,2008,32.9
2270,247.0,4380,1993,31.8
2460,268.0,4390,1987,27.2
2310,245.0,4240,2018,30.1
2300,261.0,4490,1984,26.7
2380,289.0,4510,2021,30.4
2300,260.0,4150,1994,27.9
2510,286.0,4200,2013,34.5
2190,236.0,4050,2016,29.9
2400,,4700,1985,25.7
2220,268.0,4380,1995,26.3
1870,199.0,3720,2018,33.9
2250,271.0,4410,1977,25.0
2400,304.0,4530,2001,31.2
2290,277.0,4330,2023,33.3
2210,229.0,4220,1993,32.4
2440,249.0,4320,1997,30.6
2470,262.0,4500,1996,30.2
2350,271.0,4090,1976,27.2
2180,251.0,4110,2006,28.3
2420,272.0,4340,1977,27.3
2330,272.0,4660,1979,27.3
2360,263.0,4540,2005,29.3
2210,,4030,1978,28.3
2500,,4290,2024,34.0
2300,259.0,4580,1997,25.3
2060,235.0,4090,1990,29.6
2310,269.0,4710,2019,31.3
2340,264.0,4190,2003,27.1
2210,250.0,4270,1991,30.8
2370,262.0,4650,2006,29.6
2360,286.0,4510,2008,27.5
2070,250.0,3990,2024,35.8
2500,279.0,4430,2001,28.6
2340,256.0,4350,1994,28.7
2370,260.0,4380,1978,26.5
2460,273.0,4450,2015,29.7
2190,,4030,1975,26.2
2120,236.0,3920,2014,33.0
2280,281.0,4660,1982,26.0
2370,245.0,4320,1977,27.3
2120,,4070,1981,29.7
2070,242.0,4190,2009,28.6
2510,289.0,4440,2000,27.7
2190,242.0,4360,1990,28.7
2460,,4390,1979,33.7
2490,284.0,4440,1997,32.1
2130,259.0,4270,2017,33.6
2010,,4420,1977,26.5
2480,305.0,4600,1997,30.2
2180,221.0,4250,1981,27.1
2190,232.0,4060,2023,34.4
2460,274.0,4640,1990,22.3
2380,263.0,4250,2022,37.8
2070,201.0,4280,1989,28.8
2080,238.0,4010,2008,33.9
2030,212.0,4030,1986,26.2
2430,280.0,4440,1975,24.7
2270,231.0,4010,2017,36.7
2340,262.0,4580,2005,28.5
2320,275.0,4080,1995,27.8
1890,204.0,4120,2008,30.9
2180,258.0,4440,1985,27.2
2320,286.0,4570,2015,32.3
2410,273.0,4460,2017,30.6
2420,,4620,1977,25.7
2060,223.0,4080,2009,34.9
2330,262.0,4030,1988,34.5
2130,239.0,4220,1976,26.9
2610,302.0,4930,1993,26.5
2140,226.0,4530,1979,25.2
2070,240.0,4040,2017,30.7
2230,263.0,4070,2024,32.7
2100,236.0,4140,1997,28.3
2590,264.0,4740,2005,26.2
2480,271.0,4630,1976,28.2
2300,258.0,4100,1981,27.1
2140,217.0,3720,1988,30.0
2560,298.0,5020,1984,21.4
2310,258.0,4220,2005,33.8
2450,282.0,4500,2002,27.7
2230,232.0,4460,2008,32.9
2350,258.0,4690,1985,24.6
2470,260.0,4220,2022,31.0
2430,268.0,4320,1985,27.4
2360,233.0,4080,2005,31.7
2110,,4160,1975,27.0
2230,264.0,4640,1997,29.2
2360,256.0,4220,2020,30.0
2430,252.0,4540,1999,27.6
1840,236.0,3980,2009,30.7
2300,261.0,4390,2011,31.3
2220,257.0,4430,2002,29.8
2380,267.0,4790,1997,28.3
2380,263.0,4070,2018,34.7
2210,242.0,4190,1992,30.1
2280,,4510,2022,30.1
1910,222.0,3960,2002,35.0
2180,240.0,4360,1993,31.4
2330,265.0,4230,1989,32.0
2260,246.0,4320,1986,28.2
2350,247.0,4420,1984,28.5
2260,251.0,3970,2024,34.1
2050,204.0,3780,1979,32.2
2050,244.0,3920,1991,30.0
2250,261.0,4620,1997,31.6
2460,297.0,4530,2015,35.4
2560,271.0,4560,1994,27.6
2670,,4900,1976,21.3
2520,,4590,1984,27.2
2150,250.0,3990,1982,31.7
2290,243.0,4280,1989,27.6
2070,276.0,3960,1980,34.4
2340,243.0,4040,1992,31.1
2190,262.0,4280,2014,29.7
2480,274.0,4320,1990,27.8
2340,275.0,4290,2005,31.6
1890,234.0,3940,2009,36.9
2430,271.0,4260,2023,30.4
2200,247.0,4450,2008,29.2
2240,231.0,3850,2017,32.6
2030,215.0,4210,2012,29.5
2240,220.0,4220,1994,32.1
2370,242.0,4110,1997,31.0
2260,255.0,4350,1987,25.2
2260,252.0,4220,2000,27.6
1940,204.0,4130,1975,24.3
1970,222.0,4280,1999,27.1
2550,,4770,1981,22.9
2220,268.0,4360,2014,32.2
2240,243.0,4200,2010,30.7
2730,295.0,4390,1980,25.7
2110,245.0,4360,1976,27.7
2410,268.0,4750,1998,26.6
1920,212.0,3640,1995,32.4
2080,243.0,4010,2003,35.2
2420,265.0,4700,1994,26.1
2310,245.0,3930,1979,27.7
1970,238.0,3900,1979,28.5
1940,216.0,3910,2023,33.3
2240,,4570,2011,28.9
2390,252.0,4590,2021,30.4
2090,,4200,2007,31.1
2430,262.0,4320,2005,29.1
2000,244.0,4550,1989,26.7
2150,256.0,3850,1987,30.7
2310,249.0,4720,1994,25.1
2130,250.0,4140,2014,30.0
2510,279.0,4260,2009,26.7
1990,241.0,4130,2021,32.1
2390,234.0,4480,2004,31.3
2540,299.0,4690,2021,30.2
2080,214.0,4050,1977,28.5
2220,224.0,4050,2006,36.2
2080,226.0,4220,1999,36.5
2330,242.0,4240,1989,28.9
2190,256.0,4360,2014,31.3
2180,253.0,4300,1977,21.5
2180,233.0,3890,1983,27.6
2250,262.0,4230,1983,30.4
2670,308.0,4850,1997,29.9
1920,200.0,3970,2024,35.3
2160,227.0,3920,1993,31.0
2280,253.0,4460,1988,27.1
2560,304.0,4650,2008,28.5
2150,225.0,4370,1993,29.3
1960,,4040,1983,28.3
2110,230.0,4010,1993,29.3
2360,,4370,1995,28.1
2520,257.0,4270,2023,31.5
2710,279.0,4420,1994,28.5
2230,288.0,3980,1998,31.6
2440,263.0,4440,2013,32.8
1910,213.0,3660,2022,38.5
2330,241.0,4230,1976,34.1
2190,238.0,4550,2010,29.7
2350,244.0,4100,2024,30.3
2150,273.0,4170,2004,30.7
1980,239.0,3960,1999,36.2
2300,252.0,4210,2023,27.9
2320,276.0,4500,1987,28.3
2220,276.0,4520,1999,29.8
2120,241.0,4030,2005,31.4
2230,239.0,3990,1997,29.4
2630,292.0,4490,1988,25.7
2320,244.0,4430,2005,29.1
2090,256.0,4490,2023,32.3
2500,277.0,4530,1992,27.6
2320,256.0,4520,1999,26.6
2150,226.0,4340,2014,36.3
2230,238.0,4300,1995,28.9
2650,304.0,4580,1991,30.3
2370,273.0,4470,1982,24.7
2430,282.0,4840,2017,29.3
2170,241.0,4470,2002,30.9
2490,273.0,4720,2000,27.9
2180,251.0,4110,1999,32.3
2450,268.0,4600,2017,27.7
2220,236.0,3800,1990,30.3
2250,245.0,4230,2008,28.7
2250,256.0,4080,1990,30.1
2540,296.0,4650,1975,26.9
2550,271.0,4360,1977,27.5
2360,267.0,4450,1995,28.2
2150,244.0,3880,1985,32.5
2150,240.0,4220,2004,31.8
2470,268.0,4460,2009,31.6
2240,269.0,4620,2023,29.3
2280,254.0,4170,1987,26.5
2410,267.0,4380,1996,29.6
2240,246.0,4180,2008,33.7
2040,231.0,4060,2015,34.7
2240,254.0,4190,2011,32.4
2190,228.0,4500,2004,32.2
2370,239.0,4270,1998,30.7
2480,,4390,2009,28.5
2180,,4430,1983,26.7
2140,246.0,3990,1994,31.1
2720,295.0,4480,1994,27.2
2290,261.0,4360,2004,28.8
2390,254.0,4700,1981,28.1
2450,272.0,4490,2008,27.8
2290,267.0,4440,2009,31.9
2120,272.0,4100,2003,32.7
2140,227.0,4140,2009,32.9
1950,220.0,3860,2004,30.0
2540,282.0,4880,2017,28.0
2590,274.0,4560,2000,30.2
2110,246.0,4130,2015,34.2
2480,259.0,4280,2011,28.0
2260,285.0,4440,2016,30.9
1930,,4110,1982,29.0
2420,244.0,4690,1992,27.3
2580,277.0,4650,1991,30.3
2140,,3760,1980,26.3
2170,229.0,4450,2014,32.7
2220,269.0,3880,2022,33.0
2290,269.0,4080,1986,29.9
2500,273.0,4780,1994,30.6
2600,296.0,4690,1988,24.3
1940,212.0,3670,1979,28.1
2280,,4280,1979,26.1
2250,242.0,4230,2011,32.1
2210,246.0,4080,2023,32.3
2710,293.0,4920,2007,26.4
2160,266.0,4040,2012,31.5
2490,267.0,4390,1987,29.7
2520,300.0,4450,2003,27.6
2090,250.0,4330,2006,31.1
2330,287.0,4530,2012,27.4
2130,,4360,1983,29.7
2460,294.0,4630,2021,30.7
2180,243.0,4130,1992,29.4
2230,248.0,4250,2014,33.0
2240,266.0,4310,1999,27.1
2190,255.0,4020,2005,31.1
2300,236.0,4140,1989,28.3
2290,256.0,4330,2021,28.6
1940,207.0,3860,1989,35.3
2040,225.0,3590,2016,36.3
2420,287.0,4500,1991,29.9
2100,258.0,4180,2000,33.2
2480,278.0,4450,2022,33.9
2260,239.0,4420,2000,32.4
2500,,4480,1979,26.6
2130,224.0,4200,2004,32.0
2210,236.0,4390,2024,33.2
2550,282.0,4470,2011,28.3
2190,246.0,4470,1993,27.8
2270,239.0,4690,1988,29.0
2090,238.0,3980,2014,32.6
2320,252.0,4550,1978,31.5
2370,244.0,4440,2011,29.1
2420,264.0,4530,2016,29.4
2170,220.0,3990,1996,30.6
3110,325.0,5460,1988,20.5
2110,234.0,4150,2018,31.7
1960,217.0,3990,2002,30.7
2280,271.0,4730,2012,26.8
2070,243.0,4030,2006,33.0
2010,217.0,4220,1993,34.9
2240,262.0,4390,2021,35.0
2190,243.0,4300,2019,36.3
2230,,4280,1976,25.0
2410,267.0,4720,1996,31.6
2170,226.0,4200,2014,37.7
2550,276.0,4810,2003,27.3
2420,238.0,4200,2013,32.4
2220,273.0,4420,2005,29.1
1990,215.0,3830,2019,36.0
2400,259.0,4230,2019,31.2
2080,232.0,4040,1981,30.5
2260,276.0,4600,1977,24.2
2130,245.0,4190,1977,29.6
2460,262.0,4640,2015,30.4
2370,280.0,4380,1998,27.4
2300,,4350,1982,32.3
2300,,4250,1977,24.9
1920,,4070,1983,29.8
2730,292.0,4550,2010,33.0
2310,269.0,4170,2012,30.5
2540,280.0,4830,1988,23.6
2080,237.0,3940,2001,30.4
2290,,4230,1976,26.6
2410,,4270,1978,29.4
2140,226.0,4220,2016,32.7
2320,280.0,4570,1990,25.3
2490,262.0,4420,2023,29.1
1930,224.0,4040,2014,31.9
2340,243.0,4040,2005,29.2
2090,220.0,4110,2006,32.4
2360,263.0,4300,2018,29.5
2140,241.0,4480,1986,24.5
1780,244.0,3910,2016,30.8
2070,,3870,1976,28.1
2110,238.0,4290,2003,31.3
2280,238.0,4060,1988,26.7
1970,220.0,3640,2006,31.9
1850,212.0,3700,2010,37.1
2650,305.0,4430,2013,30.4
2100,256.0,4280,2010,29.2
2540,256.0,4280,1999,29.5
2230,243.0,4050,2020,32.4
2170,229.0,4470,1997,27.4
2480,252.0,4490,1996,30.1
2000,247.0,4110,1988,28.8
2330,267.0,4580,2017,26.5
2230,263.0,4280,2011,31.2
1900,209.0,3590,1997,32.6
2270,245.0,4310,2020,31.5
2280,239.0,4280,2015,32.1
2180,252.0,4240,2007,30.1
2210,252.0,4400,2018,29.9
1840,215.0,3780,1998,32.7
2420,,4220,1980,28.3
2200,257.0,4400,2020,28.0
2240,234.0,4490,2009,31.8
2270,282.0,4330,2019,29.7
2070,216.0,3850,1985,27.7
2330,213.0,4290,2004,31.5
2260,,4050,2004,31.1
2260,270.0,4240,1992,30.3
2480,258.0,4310,2017,36.3
2250,,4410,1983,25.1
1870,218.0,3780,2007,32.2
2090,212.0,4350,1982,28.6
2250,260.0,4300,2019,28.5
2170,,4430,1976,30.7
2090,238.0,4220,2011,30.6
2390,266.0,4810,1993,27.9
2080,256.0,4100,2024,31.7
2350,261.0,4740,2003,31.6
2300,272.0,4300,1993,30.1
2600,,4320,1981,27.0
2470,254.0,4680,2007,28.8
2250,235.0,4140,1999,30.8
2220,250.0,4280,2001,30.1
2170,249.0,4450,1998,26.9
2430,247.0,4160,1988,26.4
2080,229.0,4140,2001,32.3
2200,231.0,4160,1996,28.6
2550,277.0,4580,2018,28.7
2430,287.0,4300,2004,28.8
2200,246.0,4030,1986,30.2
2220,264.0,4020,1990,29.6
2030,244.0,3760,2012,32.0
2260,256.0,4450,1992,25.5
2550,297.0,4550,2013,33.0
2060,,4180,1980,26.5
2040,239.0,3990,1978,30.7
2180,,4210,1984,31.1
1990,217.0,3530,1986,32.4
2030,206.0,3910,2011,34.3
2070,,4040,1984,29.0
2240,236.0,4020,2000,31.9
1990,234.0,3900,2012,29.0
2490,271.0,4480,1993,28.9
1930,230.0,4170,1992,28.8
2270,242.0,4640,1991,28.4
2290,277.0,4520,1977,27.9
2220,237.0,4100,2015,30.6
1980,,3820,1976,30.2
2250,,4210,1976,24.5
2320,266.0,4320,1986,27.1
2360,251.0,4380,1981,27.4
2310,,4370,1981,27.3
2200,241.0,3880,1985,30.9
2250,258.0,4370,1977,29.7
2030,230.0,3800,2014,32.0
2040,242.0,4210,2012,29.9
2140,242.0,3920,1987,26.9
2200,271.0,3800,2009,34.8
2000,243.0,3990,2020,33.1
2190,235.0,4290,2018,31.8
2400,265.0,4460,1997,28.9
2510,294.0,4590,2020,31.7
2490,276.0,4780,1979,25.4
2170,232.0,4190,2001,30.9
2560,300.0,4160,2000,29.5
2440,284.0,4230,2024,30.4
2210,230.0,4190,2013,30.4
2170,237.0,4090,1999,30.9
2150,263.0,3990,1989,28.8
2370,257.0,4570,2019,27.8
2090,,4260,1980,32.1
2460,286.0,4500,2023,30.2
2300,268.0,4110,2022,30.5
2530,282.0,4430,2015,29.2
2370,274.0,4330,2023,33.1
2320,254.0,4080,2003,29.4
2150,242.0,4200,1985,28.3
2120,233.0,3960,1983,25.5
2490,282.0,4700,2022,33.5
2160,226.0,4190,2022,33.0
2360,271.0,4340,1980,30.0
2220,270.0,3900,1984,32.3
2350,256.0,4480,1996,28.7
2170,278.0,4510,1977,25.9
2310,255.0,4290,2005,32.4
2430,272.0,4330,2016,32.6
2440,248.0,4540,1991,27.7
2220,245.0,4080,2022,31.3
2220,246.0,4480,2019,31.2
2030,240.0,4110,2019,32.9
1990,238.0,4070,1987,31.3
2020,,3960,1981,29.3
2170,246.0,4140,2014,32.3
2440,257.0,4730,2000,26.9
2300,240.0,4340,1988,29.5
2500,272.0,4820,1990,30.8
2190,239.0,4080,2006,30.7
2280,244.0,4230,1978,27.8
2400,278.0,4210,1976,28.1
2340,294.0,4790,1989,27.3
2370,248.0,4240,1979,30.9
2230,238.0,3970,1981,30.4
2000,228.0,3580,1984,30.2
2010,227.0,4130,2004,31.5
2150,235.0,4040,2005,27.6
2270,249.0,4400,1985,30.2
2590,310.0,5010,2006,24.0
2240,210.0,4190,2014,32.3
2280,256.0,4530,2002,28.3
2390,295.0,4380,2020,33.1
2010,252.0,4090,1987,30.6
2130,224.0,3880,1988,36.4
2240,245.0,4100,1981,25.9
2350,261.0,4590,2008,25.3
2350,264.0,4450,2020,35.1
2280,262.0,4150,2003,31.7
2480,275.0,4590,1983,27.8
2420,,4320,1976,30.0
2520,288.0,4740,1996,25.5
2430,254.0,4530,1995,29.1
2150,267.0,4170,1975,27.2
2170,248.0,4010,2000,29.4
2010,240.0,4110,2002,31.7
2120,222.0,4270,1982,29.7
2230,285.0,4250,2008,29.8
2620,259.0,4590,2014,28.4
2350,260.0,4010,1992,32.7
2140,236.0,4150,1992,27.1
2340,274.0,4580,1980,27.8
2310,263.0,4210,1986,28.1
2130,227.0,4090,2003,30.1
2370,258.0,4420,1987,26.2
2030,,4060,1993,28.2
2290,255.0,4600,2009,32.7
2640,288.0,4630,2012,25.9
2410,271.0,4710,2007,25.7
2160,262.0,4240,1978,28.3
2590,279.0,4920,2010,29.6
2340,246.0,4170,2007,29.0
2400,284.0,4520,1979,30.6
2210,254.0,4260,1994,25.0
2520,296.0,4290,2009,33.9
2180,238.0,4330,2002,33.8
2550,263.0,4640,1982,26.7
2290,264.0,4470,2023,32.0
2230,243.0,4330,2003,28.1
2240,248.0,4110,2018,35.8
2240,233.0,3950,1986,29.0
2300,250.0,4180,1991,28.4
2050,226.0,4430,2016,32.5
2040,247.0,3740,2002,31.7
2410,260.0,4490,2015,27.2
2530,303.0,4550,2010,30.5
2160,241.0,4060,2015,34.6
2460,275.0,4710,2021,25.6
2230,238.0,4550,1985,26.0
2190,226.0,4220,2015,31.4
2540,,4560,1983,27.1
2440,277.0,4100,1988,31.4
2270,234.0,4310,2010,30.7
2460,303.0,4260,2010,34.0
2460,266.0,4590,1985,31.1
2090,247.0,4150,2006,34.3
2120,232.0,4020,1980,26.4
2440,279.0,4630,2004,28.0
2060,249.0,4050,2010,34.1
2450,268.0,4670,2015,29.5
2270,245.0,4090,1996,32.9
2420,263.0,4470,1995,31.0
2100,226.0,4160,2014,31.1
2320,254.0,4460,2018,30.9
2280,265.0,4370,1984,28.2
2350,241.0,4420,2018,32.6
2290,224.0,4110,2020,32.0
2430,266.0,4770,1991,26.8
2300,262.0,4110,1994,32.9
2700,311.0,4960,1982,26.0
2090,218.0,3810,2002,32.3
2410,243.0,3950,2021,31.0
2340,254.0,4440,2020,29.6
2050,210.0,3800,2001,35.4
2340,248.0,4390,1992,28.2
2130,270.0,4010,1985,29.2
2440,288.0,4470,1976,25.5
2280,230.0,4240,1994,28.7
2290,278.0,4210,1991,30.3
2100,224.0,4440,2004,27.7
2080,226.0,4100,2002,31.0
2460,284.0,4390,1992,29.1
2480,278.0,4320,1995,30.6
2360,234.0,4370,2010,27.1
2130,242.0,4520,1982,31.3
2010,236.0,3800,1992,32.2
2520,258.0,4670,1977,23.3
2310,258.0,4290,2022,30.8
2220,,4500,1981,27.8
2410,,4440,1977,23.8
2450,277.0,4580,2014,30.8
2310,254.0,4250,2009,26.9
1970,223.0,4100,1983,33.7
2430,264.0,4380,1996,25.4
2360,,4060,1975,26.6
1930,220.0,3890,1988,28.7
2320,287.0,4040,2023,31.6
1850,,3970,1983,31.6
2380,265.0,4220,1991,29.2
2030,241.0,4160,2008,28.2
2110,259.0,4160,1994,27.2
2190,272.0,4200,2024,30.5
2280,251.0,4630,2019,27.2
2340,,4380,1979,25.4
2310,238.0,4570,1999,24.5
2190,235.0,4440,2014,33.8
2510,280.0,4560,1982,25.8
2370,281.0,4680,1992,24.5
2240,234.0,4340,2021,33.0
2250,242.0,4300,1999,28.6
2270,299.0,4200,2024,32.5
2250,,4130,1992,28.5
2180,259.0,4640,2014,30.8
2670,297.0,4650,1994,28.7
2320,240.0,4010,1996,31.4
2680,288.0,4650,2001,26.3
2390,265.0,4310,2017,31.4
2180,256.0,4120,1991,30.8
2350,264.0,4290,2014,32.4
2300,262.0,4230,2012,31.0
2380,268.0,4440,2023,30.8
2250,272.0,4260,1981,27.5
2330,257.0,4500,2019,30.3
2400,293.0,4500,2016,30.8
2110,243.0,4110,2013,32.6
2190,232.0,4220,1987,26.3
2040,239.0,4080,1993,31.7
2450,268.0,4420,2024,34.3
2140,268.0,4440,1991,29.2
2040,231.0,4050,2007,34.1
2760,329.0,5060,1993,28.8
1910,218.0,3780,2022,32.7
2150,225.0,4100,2015,39.0
2190,240.0,4090,1991,29.7
2140,247.0,4220,1990,35.1
2770,286.0,4800,2024,28.7
2500,,4200,2006,30.1
2120,249.0,4300,1996,33.2
2370,264.0,5070,1995,25.4
2160,215.0,4340,1990,28.1
2690,277.0,4670,2010,26.1
2260,268.0,4210,2014,35.1
2270,273.0,4710,2023,29.6
2100,,3930,2016,32.0
2050,241.0,3730,1993,32.8
2250,235.0,4390,2003,27.9
2440,252.0,4530,2000,25.9
2120,234.0,4120,1987,28.9
2050,225.0,4220,1978,28.2
2120,232.0,4220,1998,31.3
2430,268.0,4440,2023,36.2
1950,225.0,3700,2020,38.1
2610,284.0,4720,1980,29.2
2350,252.0,3880,1982,30.7
2300,273.0,4380,2009,29.4
2560,283.0,4350,1981,25.3
2420,249.0,4920,2009,26.8
2510,287.0,4340,2013,31.6
2580,275.0,4540,1981,24.7
2080,,3950,1981,29.2
2070,252.0,4140,1998,34.0
2370,250.0,4670,2000,31.8
2420,254.0,4070,2008,29.7
2330,260.0,4300,2003,33.0
2010,242.0,4130,1993,29.1
2540,295.0,4530,1981,26.4
2160,237.0,4360,2018,31.4
1910,206.0,4100,2005,30.3
2190,236.0,4010,2012,34.5
2340,268.0,4470,1994,27.3
2590,295.0,4600,2001,26.0
2400,278.0,4490,1990,28.4
2150,238.0,4350,2016,33.2
2210,258.0,4470,1990,29.2
2560,296.0,4240,1998,27.1
2240,,3750,1983,29.8
2360,283.0,4660,1988,27.5
2340,287.0,4450,2011,29.9
2350,263.0,4240,1980,24.9
2320,249.0,4030,2021,31.2
2380,256.0,4240,1993,34.0
2000,243.0,4550,1991,27.2
2190,,4060,1982,26.6
2350,287.0,4450,2014,28.0
2650,,4740,1977,25.3
2570,271.0,4590,1993,24.5
2120,,4300,1980,23.0
2330,,4360,1982,26.1
2280,255.0,4380,1993,30.6
2180,254.0,3970,2018,35.6
2110,,4080,1977,26.6
2080,258.0,4050,2010,27.2
1950,209.0,3840,1977,30.0
2100,235.0,4470,1994,31.1
2400,286.0,4880,2014,28.9
2210,256.0,4280,2000,31.0
2530,273.0,4620,2015,29.7
2230,258.0,4450,2013,33.3
2280,259.0,4050,2007,30.9
2420,272.0,4350,2006,33.1
2260,236.0,4290,2004,30.4
2300,210.0,4460,2017,31.8
2000,226.0,3820,2012,32.5
2380,276.0,4240,1977,26.9
2490,268.0,4920,2014,32.9
2120,251.0,3910,2005,32.0
2310,253.0,4360,1980,29.9
2370,,4370,1983,26.6
2380,269.0,4480,1983,24.8
2540,285.0,4440,2023,31.9
2290,256.0,4310,1979,32.5
2080,249.0,4260,2014,32.8
2250,263.0,4030,1987,31.0
2300,254.0,4250,2006,30.8
2190,229.0,4000,2007,34.8
2250,,4090,1982,29.6
2460,252.0,4630,1975,29.2
2610,305.0,4380,2006,28.4
2110,249.0,4380,1979,28.5
2300,253.0,4370,1981,31.9
2360,284.0,4400,1986,27.3
2260,243.0,4250,2000,30.1
2090,222.0,3830,1997,33.7
2260,227.0,4330,1983,27.0
2510,279.0,4670,2017,28.6
2480,247.0,4760,2018,29.1
2570,269.0,4700,1979,22.7
2260,254.0,4120,2016,33.3
2200,253.0,4580,1986,23.8
1910,210.0,3580,1981,33.1
2120,261.0,4350,2015,31.6
2250,245.0,4420,1979,28.4
2130,243.0,4360,1981,29.7
2230,279.0,4060,2006,30.9
2150,233.0,4070,2007,28.9
1910,206.0,3950,1984,29.6
2190,258.0,4290,2015,34.0
2330,266.0,4320,2011,33.2
2300,268.0,4170,1996,29.4
2330,261.0,4290,2018,30.2
2020,208.0,3870,2006,30.6
2000,231.0,3890,2019,36.3
2260,248.0,4150,2006,31.8
2450,273.0,4410,1998,29.9
2440,262.0,4220,2021,31.5
2410,251.0,4580,1993,30.0
2530,271.0,4890,2015,26.4
2100,244.0,4020,2009,32.1
2590,286.0,4750,2023,28.9
2030,215.0,3860,1983,35.4
2250,,4120,1980,29.9
2010,237.0,4290,1987,29.2
2330,,4200,1984,29.4
2030,248.0,4110,1997,35.2
2070,231.0,4260,2018,34.0
2640,272.0,4740,2022,31.8
2240,260.0,4200,2000,31.4
2220,,4130,1977,23.1
2170,232.0,4330,1993,29.8
2140,,4130,1980,28.3
2110,,4530,1984,27.3
2010,226.0,4230,2022,32.1
1710,208.0,3480,1979,27.3
2120,234.0,4470,1992,27.2
2430,267.0,4310,2005,28.3
2360,264.0,4240,1990,27.9
2150,237.0,4210,2022,31.2
2330,278.0,4290,1979,31.4
2230,233.0,4070,1991,31.2
2350,273.0,4510,2006,29.7
2400,250.0,4570,2004,25.1
2040,248.0,4230,2009,28.8
2060,196.0,3910,2017,39.8
2150,237.0,4190,1990,32.4
2360,265.0,4370,1995,30.4
2470,244.0,4510,2024,32.2
2000,221.0,3990,2011,32.9
2330,,4500,1980,25.9
1820,203.0,4070,1981,31.5
2090,209.0,4020,2005,29.7
2240,260.0,4150,1988,29.3
2140,246.0,4200,2002,28.1
2100,213.0,3840,1982,29.1
2330,258.0,4270,1993,29.1
2460,261.0,4550,2018,28.9
2260,279.0,4290,1996,25.6
2000,205.0,4040,2018,36.5
2550,267.0,4740,2017,27.9
2260,220.0,4410,1997,27.4
2110,,4180,1979,26.5
2210,233.0,4340,1997,30.6
2030,220.0,3850,1982,29.7
2390,266.0,4050,2004,31.8
2190,260.0,4180,2023,33.9
2540,281.0,4610,2013,29.0
2260,251.0,4360,2006,28.4
2430,282.0,4460,1982,28.2
2290,253.0,4370,2008,27.8
2250,261.0,4560,1995,27.3
1870,211.0,4050,2004,35.1
2090,260.0,3690,2016,33.7
1940,226.0,3910,2008,32.7
2140,249.0,4300,1981,32.1
2310,288.0,4280,2017,28.3
2290,251.0,4220,1993,29.8
2220,250.0,4520,2016,29.6
2390,262.0,4010,2001,32.1
2310,244.0,4180,1993,29.0
2370,252.0,4630,2009,31.4
2390,270.0,4380,2005,28.5
2490,285.0,4850,2007,28.5
2130,239.0,4150,2018,31.7
1920,212.0,3880,2022,38.6
2210,256.0,4060,2014,31.4
2310,272.0,4410,2013,32.8
2480,,4380,1984,29.1
2350,258.0,4240,2007,35.1
2200,275.0,4450,2019,32.2
2200,256.0,4070,1994,30.1
2240,264.0,4290,2019,31.1
2170,241.0,4130,1976,27.6
2360,255.0,4600,1985,28.0
2290,237.0,3930,1993,30.7
2280,,4650,1982,29.7
2540,282.0,4390,2022,31.9
2130,,4110,1980,27.2
2290,254.0,3960,2009,33.0
2340,284.0,4600,2001,26.3
2220,249.0,4430,2018,31.8
2510,286.0,4540,1995,30.2
2440,290.0,4060,1986,29.4
2090,253.0,3850,2002,34.1
2330,245.0,4300,2000,35.2
2250,266.0,4450,2015,27.0
2300,273.0,4750,2008,32.5
2530,270.0,4530,1995,30.9
1980,239.0,3870,2017,32.1
2200,274.0,4270,2002,26.3
2180,245.0,4170,1999,31.7
2230,221.0,4370,2024,37.3
2220,251.0,3990,2002,34.8
2210,241.0,4260,1987,27.8
2040,235.0,3870,1995,29.3
2130,255.0,4130,2009,32.0
2440,294.0,4360,1983,29.4
2610,,4640,1982,24.9
2250,234.0,4410,2011,29.9
2220,257.0,4250,1986,30.0
2380,235.0,4360,1976,27.7
2260,257.0,4600,1996,31.2
2070,221.0,4230,1980,28.9
2010,217.0,3880,2022,36.7
2340,247.0,4270,2010,29.9
2420,253.0,4430,1990,33.0
2110,240.0,4180,1989,24.8
2130,,4300,2002,29.6
2420,286.0,4600,2017,34.2
2310,262.0,4350,2000,31.0
2180,260.0,4080,2012,30.9
2380,266.0,4660,1990,30.3
2440,,4290,1983,27.0
2260,266.0,4760,1977,24.3
2670,298.0,4560,2013,26.8
2500,261.0,4540,2007,31.2
1910,216.0,3590,1997,32.4
2210,253.0,4620,2006,27.7
1950,248.0,4270,2015,32.0
2210,247.0,4150,2016,32.9
2120,240.0,4190,2003,32.0
2300,250.0,4270,2013,29.4
2270,250.0,4500,1977,23.2
2130,243.0,4160,1993,31.2
2480,306.0,4350,1979,23.7
2310,248.0,4420,2010,28.2
2590,284.0,4740,2002,30.0
2360,250.0,4130,2005,33.2
2580,283.0,4480,2006,28.2
2270,249.0,3920,2014,28.1
2190,260.0,4400,2005,26.5
2310,258.0,4420,2017,32.7
2170,237.0,4120,1988,26.5
2040,254.0,4030,2002,31.9
2150,219.0,4030,1989,29.5
2520,284.0,4570,1990,28.1
2270,256.0,4540,1993,29.6
2140,229.0,4310,1994,33.9
2250,255.0,4340,2007,33.1
2230,261.0,4290,1988,32.1
2390,247.0,4490,1983,25.6
1900,233.0,4190,2015,36.0
2450,258.0,4220,1992,36.6
2260,226.0,4250,1985,28.7
2340,278.0,4460,1994,28.4
2420,293.0,4350,2002,28.2
2220,270.0,4240,2013,33.2
1840,237.0,4050,2024,32.8
2370,248.0,4460,2024,32.2
2360,278.0,4380,1980,27.6
1670,201.0,3610,2015,35.9
2270,237.0,4260,1999,30.6
1970,206.0,4030,1996,27.4
2480,279.0,4580,1983,24.0
2290,242.0,4200,1994,28.5
2320,232.0,4180,2003,31.2
2400,,4250,1979,32.6
2020,218.0,4000,1997,31.1
2100,251.0,4220,1988,28.8
2350,296.0,4540,1995,23.2
2400,,4470,1981,27.5
2150,261.0,4090,2010,34.8
2320,238.0,4190,1990,28.2
2380,275.0,4520,2017,31.2
2180,247.0,4050,2006,31.4
2250,253.0,4220,2007,28.0
2310,253.0,4730,1991,27.4
2230,249.0,3930,1987,30.2
2010,221.0,3870,2010,31.9
2250,253.0,4330,2016,29.6
2490,265.0,4450,1999,33.4
2530,272.0,4570,1991,30.3
2340,243.0,4300,2001,31.9
2200,226.0,4150,2005,33.2
2320,266.0,4560,2015,26.9
2070,248.0,4380,1986,26.1
2500,292.0,4460,1983,24.7
2280,255.0,4230,2006,33.3
2270,259.0,4320,1987,29.3
2420,263.0,4220,1988,27.3
2400,284.0,4620,1986,27.2
2270,238.0,4060,2020,37.1
2210,254.0,4480,2004,27.4
2310,268.0,4140,1976,29.1
2260,,4140,1984,27.7
2710,266.0,4290,2022,31.7
2430,265.0,4540,1992,28.3
1960,225.0,3950,2017,31.1
2180,274.0,3970,2016,30.4
1910,211.0,3880,2018,30.6
1950,240.0,4260,2013,32.4
2080,248.0,4680,2022,30.0
2200,254.0,4220,1997,36.7
1840,220.0,3890,1985,29.3
1950,220.0,3690,1988,30.1
2420,257.0,4450,2002,30.3
2200,262.0,4520,1994,27.5
2120,242.0,4310,2009,29.4
2090,257.0,4210,1983,28.2
2010,216.0,4280,1998,29.2
2390,271.0,4110,2010,28.7
2290,264.0,4200,2015,28.4
2520,282.0,4490,1990,26.1
2490,267.0,4260,1992,25.9
2530,258.0,4400,2008,28.9
2650,285.0,4730,1984,24.9
2120,241.0,4100,1987,34.0
2210,254.0,4170,2019,28.0
2130,233.0,4180,2000,32.4
2740,270.0,4790,2008,30.8
1960,198.0,3770,1978,35.8
2480,245.0,4330,2013,31.6
2400,286.0,4630,1990,27.7
2230,284.0,4200,1997,30.5
2480,277.0,4620,2002,26.2
2400,283.0,4530,1995,29.6
2330,273.0,4560,1995,27.0
2330,259.0,4160,1986,28.1
2130,,4150,1978,29.8
2340,258.0,4270,2004,33.9
2070,240.0,3920,2018,33.2
2150,230.0,4110,2008,30.0
2530,272.0,4300,2017,27.8
2290,245.0,4470,1991,26.5
2230,240.0,4320,2018,29.3
2150,231.0,3990,2020,31.9
2030,228.0,4110,2008,34.2
2310,268.0,4200,1983,26.0
2280,,4860,1984,28.2
2230,250.0,4480,2016,34.9
2200,226.0,4050,1994,31.3
2230,240.0,4230,1987,27.3
2350,257.0,4530,2013,31.6
2410,270.0,4390,2005,32.4
2290,234.0,4170,1996,31.5
2240,249.0,4110,1976,27.2
2140,244.0,4410,2001,30.2
2350,251.0,4570,2021,30.8
2640,252.0,4320,2017,28.9
2420,274.0,4630,1982,23.2
2390,276.0,4000,1997,27.8
2210,262.0,4230,1989,26.0
2180,253.0,4200,2013,34.1
2180,267.0,3980,1985,31.5
2220,,4410,1980,29.4
2090,220.0,3940,1989,30.2
2180,243.0,4390,2015,30.3
2090,,4330,1982,27.1
2160,259.0,3990,2010,34.4
1940,221.0,4140,1979,30.2
2260,232.0,4530,1990,32.2
2070,239.0,3990,1998,31.4
2070,252.0,4140,1993,27.8
2110,239.0,4030,1997,31.2
2320,265.0,4170,2014,34.5
2080,242.0,3780,1995,31.1
2270,264.0,4600,2023,28.1
2360,254.0,4390,2002,28.1
2270,236.0,4140,1983,29.6
2110,256.0,4300,1998,33.9
2290,254.0,4460,2012,33.1
2390,247.0,4530,1992,29.9
2110,231.0,4120,1985,31.5
2160,259.0,4270,2002,29.2
2390,266.0,4580,1977,27.9
2180,239.0,4180,2020,34.8
2210,260.0,4360,1999,28.1
2000,229.0,3850,2017,32.9
2050,251.0,4300,1985,29.8
2260,233.0,4350,1993,32.9
2090,229.0,3990,1983,28.1
2300,258.0,4270,1989,31.3
2010,232.0,4070,2023,34.6
2360,255.0,4350,1990,26.2
2320,278.0,4130,1981,26.0
2330,290.0,4550,2021,31.3
2500,275.0,4710,1976,24.1
2370,281.0,4410,2002,26.2
2110,248.0,4230,2010,32.0
2520,285.0,4490,1990,28.8
2380,,4330,1995,32.7
2380,259.0,4620,1984,26.9
2350,256.0,4700,2007,31.9
2160,221.0,3930,1984,29.2
1980,245.0,4100,1997,36.9
2360,271.0,4660,1986,25.7
2070,212.0,4060,2022,30.5
1890,238.0,3980,2005,31.0
2130,219.0,4030,2004,30.7
2250,237.0,4430,2000,29.8
2380,246.0,4230,1993,28.8
2240,265.0,4280,1982,31.2
2230,269.0,4580,1985,23.3
2330,259.0,4060,1990,30.6
2270,250.0,3710,1978,27.2
2060,247.0,4320,1992,30.2
2430,291.0,4080,1990,30.0
2330,273.0,4610,2010,27.7
2280,270.0,4170,2015,28.4
2000,231.0,4350,1995,29.4
2310,267.0,4100,1997,33.9
1870,197.0,3620,2020,34.4
1930,209.0,3700,2008,29.1
2600,,4670,1977,26.4
2440,272.0,4520,2005,31.1
1920,222.0,3860,1996,29.6
2430,253.0,4660,2014,32.8
2560,261.0,4720,1981,24.5
2150,244.0,4060,1996,31.7
2580,300.0,4340,1981,28.3
2390,262.0,4380,2007,28.1
2250,241.0,4100,1998,32.5
2580,308.0,4440,2011,29.1
2040,216.0,4350,2017,33.5
2280,250.0,3960,1994,30.0
2350,275.0,4160,2015,31.1
1920,225.0,4050,2023,31.3
2180,265.0,4140,2022,32.9
2320,257.0,4640,1997,31.6
2480,273.0,4540,2018,27.3
2070,237.0,4240,2022,34.8
2150,248.0,3930,1995,33.6
2390,238.0,4480,2019,31.1
2280,253.0,4140,1988,32.1
2060,239.0,4100,1997,31.0
2180,252.0,3990,1979,26.7
2190,240.0,4030,1976,28.7
2430,246.0,4560,1989,27.3
2340,255.0,4300,1986,28.4
2240,261.0,4340,1985,27.0
2430,265.0,4930,2007,27.6
2000,250.0,3910,1999,31.1
2100,224.0,4180,1977,29.8
2040,228.0,4130,2011,35.0
2710,325.0,5080,2003,28.7
2150,224.0,4350,1985,28.0
2130,212.0,3720,1996,33.6
2350,292.0,4260,2011,29.3
2390,259.0,4470,2023,31.0
2360,270.0,4550,2007,29.3
2100,248.0,4270,2015,27.4
2380,271.0,4740,1999,28.2
2240,275.0,4330,1975,28.6
2360,265.0,4110,2014,36.9
2170,235.0,4360,2017,31.0
2340,247.0,3970,1995,32.5
2290,226.0,4170,2012,32.0
2230,263.0,4650,1983,25.4
2740,334.0,5040,2006,27.3
2350,,4390,1982,27.7
2110,215.0,3930,2011,32.0
2030,224.0,4210,2010,32.1
1970,245.0,3900,1979,31.5
2330,273.0,4420,2003,28.2
2070,235.0,3950,2007,35.4
2370,256.0,4600,2007,27.2
2090,233.0,4190,1984,31.8
2070,220.0,4080,2002,31.0
2090,233.0,4120,2004,27.7
2420,293.0,4370,1986,28.6
1990,232.0,3910,1986,27.9
2250,259.0,4490,2006,32.4
1980,,3980,1976,27.4
2040,235.0,4150,2006,34.0
2120,247.0,4020,2018,33.2
2380,273.0,4510,2023,27.8
2350,279.0,4270,2021,35.0
2490,281.0,4540,1991,23.4
2230,246.0,4240,2015,30.7
2410,291.0,4250,1981,32.3
2090,265.0,4040,1992,28.1
2220,239.0,4250,2000,30.1
1980,207.0,3980,1980,26.4
2260,246.0,4230,1995,27.6
2170,250.0,4470,2009,25.2
2170,250.0,3770,2019,29.9
2480,270.0,4250,1982,28.4
2190,232.0,4090,2017,32.6
2430,261.0,4630,1995,28.4
2020,205.0,4150,2009,30.8
2200,245.0,4080,2022,33.4
2280,256.0,4190,1978,28.5
2390,253.0,4570,2009,29.8
2290,228.0,4490,2005,30.5
2260,286.0,4740,2009,29.2
2270,277.0,4330,1985,27.4
2570,259.0,4480,1999,29.5
2390,278.0,4500,1988,24.7
1980,239.0,3920,1983,33.7
2480,274.0,4600,2003,29.1
2820,328.0,4640,2014,32.4
2170,242.0,4390,2022,32.2
2030,235.0,3890,2014,30.5
2210,274.0,4550,2016,30.2
2440,286.0,4500,2013,26.3
2520,302.0,4550,1991,27.1
2140,235.0,3990,2014,26.8
2100,,4060,1979,32.7
2320,286.0,4440,2022,32.3
2190,258.0,4080,2014,33.4
2040,245.0,3660,1992,32.3
2380,246.0,4280,2006,28.8
2330,253.0,4550,2003,31.6
2360,252.0,4460,1993,28.6
2250,257.0,3780,2019,35.5
2270,247.0,4380,2004,31.4
2380,239.0,4550,2023,36.0
2250,272.0,4340,2006,27.9
2170,265.0,4090,2004,30.4
2150,236.0,4280,2013,30.8
2070,262.0,3980,2011,31.7
2390,270.0,4460,1991,29.0
2190,228.0,4150,2012,30.7
2230,,4230,1982,25.3
2620,302.0,4480,1977,26.6
2390,242.0,4500,1978,27.5
2530,293.0,4570,1982,26.0
2320,250.0,4080,1993,32.6
2260,262.0,4030,2001,32.3
2260,257.0,4350,1976,32.5
1980,225.0,3540,1978,30.5
2370,254.0,4500,2016,28.4
2440,279.0,4560,2021,32.2
2910,312.0,4870,1983,24.7
2160,236.0,4460,1995,32.9
2100,234.0,4030,2016,30.4
2480,295.0,4650,1988,24.5
2450,301.0,4740,2007,27.7
2130,233.0,3880,1996,29.6
2550,269.0,4010,2007,29.6
2260,268.0,4520,2009,28.9
2280,276.0,4460,2014,26.9
2370,282.0,4340,1976,25.9
2240,246.0,4140,1994,31.4
2400,276.0,4120,2019,32.2
2120,,4250,1996,27.3
2570,275.0,4520,1995,29.5
2530,306.0,4430,1993,27.4
1870,202.0,3850,2017,34.0
2440,284.0,4400,1993,32.6
2220,246.0,4130,1989,28.3
2120,255.0,4050,2022,32.4
2570,297.0,4650,2023,32.0
2510,288.0,4600,2000,28.5
2170,253.0,4280,2014,28.9
2220,265.0,4140,1984,31.0
2390,273.0,4240,1995,30.2
2250,271.0,4220,1998,30.7
2100,241.0,4100,2017,31.6
2330,275.0,4010,1991,31.0
2300,256.0,4290,1993,33.9
1990,243.0,4220,1998,26.9
2520,257.0,4520,2004,35.2
2260,257.0,4430,2004,31.2
2530,270.0,4480,1996,30.5
2600,307.0,4700,1984,28.3
2290,250.0,4300,1996,30.9
2050,221.0,3920,1992,30.0
2060,250.0,3960,1984,29.9
2300,252.0,4570,1995,26.7
2390,,4090,1976,29.6
2430,274.0,4530,2002,29.5
2030,,4020,1979,33.2
2340,253.0,4220,1985,28.6
2560,263.0,4680,2000,28.2
2290,243.0,4360,1976,28.5
2410,282.0,4110,2006,32.8
2470,294.0,4720,1996,28.4
2350,,4030,1980,29.4
2280,240.0,4180,1993,30.5
2640,301.0,4340,2002,30.1
2270,256.0,4000,2001,33.0
2380,246.0,4460,1997,30.0
2180,230.0,4100,1984,29.4
2190,236.0,4400,1990,29.1
2320,220.0,4290,2014,34.5
2330,274.0,4460,1979,25.7
2470,275.0,4480,2024,35.0
2270,,4000,2003,30.7
2120,251.0,4280,1997,29.9
2550,262.0,4750,1981,24.6
2530,300.0,4560,1976,26.9
2340,263.0,4430,2021,30.3
2060,248.0,3920,2021,32.5
2200,249.0,4070,2009,34.8
2090,250.0,4290,2007,28.7
2350,262.0,4180,2000,31.5
2300,264.0,4530,2007,27.9
2290,268.0,4520,1990,32.5
2180,244.0,3850,1998,28.5
2070,212.0,4190,2015,34.3
2410,249.0,4270,2004,28.3
2050,247.0,3830,2002,29.3
2410,250.0,4390,1990,25.8
2270,243.0,3940,2019,31.0
1820,,3880,1980,27.8
2070,246.0,4020,1986,32.2
2220,247.0,4510,2020,30.7
2350,261.0,4470,1995,30.7
2180,237.0,4030,1988,33.8
1930,212.0,4140,1986,30.1
2350,267.0,4260,1992,28.7
2220,254.0,4080,2011,31.0
2080,243.0,4320,2006,28.2
2260,236.0,4490,1977,26.1
2520,286.0,4450,2009,30.6
2260,,4260,2020,35.4
2130,250.0,3970,2014,32.9
2210,266.0,4180,2006,29.6
2360,270.0,4080,2005,31.8
2300,244.0,4370,1993,30.0
2140,269.0,4180,2019,30.1
2320,246.0,4170,1979,24.7
2120,246.0,4200,2008,31.9
2310,295.0,4610,2007,30.9
2300,243.0,4230,1991,26.9
2120,247.0,4230,2013,35.6
2250,,4360,1982,25.1
2020,220.0,4190,1994,28.1
1880,228.0,3820,2022,38.2
1930,212.0,3890,1999,32.4
2150,223.0,4270,2012,33.6
2190,231.0,3880,2021,34.4
2610,,4630,2007,29.6
2340,261.0,4320,2023,30.6
2720,292.0,4980,2021,27.9
2390,272.0,4610,1992,28.1
2170,243.0,3930,2017,35.9
2130,235.0,3910,2020,32.9
2430,274.0,4870,1988,23.6
1700,198.0,3880,1992,32.4
2250,,3940,1983,27.8
2240,275.0,4410,1975,22.1
2180,,4180,1980,29.8
2070,228.0,4000,2016,34.8
2280,281.0,4050,1995,28.0
2570,269.0,4690,2007,35.2
2360,265.0,4300,1981,29.0
2220,247.0,4200,1978,27.3
2210,226.0,3910,2008,32.6
2270,248.0,4310,2012,31.3
2350,256.0,4510,2004,28.4
2260,,4280,1977,30.3
2270,275.0,4250,1987,27.0
2040,246.0,4170,2021,31.4
2520,279.0,4140,1992,28.3
2150,287.0,4000,2019,33.8
2510,281.0,4560,2005,30.4
2410,284.0,4500,2010,26.5
2360,262.0,4420,1994,30.0
2390,276.0,4590,2013,32.4
2200,266.0,4410,2010,26.7
2220,257.0,4040,1982,27.7
2380,256.0,4570,1997,28.0
2250,276.0,4230,1978,30.5
2110,237.0,4310,2004,27.6
2470,261.0,4820,2008,31.8
2290,279.0,4630,1975,27.0
2410,,4170,1984,31.1
2390,233.0,3950,2013,33.1
2110,250.0,4350,2005,29.0
2080,248.0,4290,2012,31.6
2250,231.0,4500,2005,31.9
2300,276.0,4110,1976,27.2
1830,209.0,3880,2017,31.6
2540,272.0,4270,2009,30.1
2410,253.0,4700,1999,28.0
2190,,3860,1980,27.0
2520,284.0,4280,2024,30.0
2320,230.0,4230,2001,31.2
2090,256.0,4060,1978,29.6
2010,223.0,3920,1976,28.2
2410,258.0,4350,2005,32.3
2390,286.0,4500,2014,30.5
2720,302.0,4740,1989,25.1
2720,327.0,5000,2019,30.6
2500,281.0,5010,2015,30.9
2290,240.0,4190,1994,30.3
2130,270.0,4360,1996,24.5
2480,272.0,4410,2022,29.0
2360,263.0,4370,2009,30.8
2390,264.0,4390,2004,28.4
2460,295.0,4630,2010,31.7
2700,287.0,4630,1999,26.1
2420,274.0,4060,1994,30.3
2390,284.0,4290,2010,36.1
2200,254.0,4420,2001,29.0
2230,267.0,4170,2017,32.9
2360,259.0,4140,2017,31.4
1950,232.0,3940,2018,34.0
2590,256.0,4840,2022,30.5
2230,260.0,4410,1980,26.8
2230,236.0,4380,1977,28.2
2260,264.0,4180,2008,33.3
2270,264.0,4140,2013,32.2
1950,268.0,4420,1991,30.9
2350,275.0,4230,1992,29.1
2160,238.0,4140,2019,36.9
2560,286.0,4830,1993,28.0
2240,234.0,4220,2015,31.2
2060,238.0,3890,2011,31.1
2370,252.0,4440,1982,26.8
2160,258.0,4140,2019,31.3
2300,282.0,4460,2015,28.3
2310,249.0,4340,1985,34.8
2340,266.0,4420,1991,28.2
2270,271.0,4120,2018,34.9
2300,225.0,4170,2002,31.6
2260,227.0,4250,2006,31.5
2300,246.0,4340,1995,24.4
2010,210.0,3870,1990,30.7
2460,278.0,4300,1989,30.2
2650,299.0,4890,1995,24.9
1900,206.0,3820,2002,33.2
2430,284.0,4660,1983,25.7
2100,232.0,4540,1982,29.8
2010,,3890,1983,32.1
2360,274.0,4320,1986,29.0
2140,216.0,4190,1988,29.5
2410,245.0,4640,2013,29.4
2400,240.0,4330,1997,27.1
2180,245.0,4160,1996,31.1
2280,246.0,4350,2020,28.4
2310,245.0,4390,1986,29.6
2280,260.0,4240,1988,32.2
1850,181.0,3590,2020,38.6
2430,,4350,1975,25.8
2120,201.0,4010,2017,38.4
2090,264.0,4050,2021,39.0
2220,246.0,4310,1990,27.0
2050,,4080,1978,29.7
2270,276.0,4490,2000,33.9
2290,253.0,4230,2006,30.3
2230,,4110,2018,30.0
2200,237.0,4520,1984,27.0
2610,302.0,4760,2000,28.5
2140,230.0,4140,1985,27.5
2180,261.0,3850,1997,27.2
2420,303.0,4510,2009,30.0
2270,249.0,3930,1996,34.2
2650,309.0,5080,1990,22.3
2230,226.0,4180,2001,35.1
2320,263.0,4440,2016,27.4
2140,254.0,4380,2000,26.6
2240,256.0,4040,1995,28.7
1810,210.0,3690,1984,31.3
1840,227.0,4040,2019,30.1
2410,272.0,4470,2024,34.7
2730,284.0,4760,1992,24.0
2510,264.0,4920,1999,26.4
2320,287.0,4690,2006,29.4
2180,268.0,4000,2006,30.6
2160,250.0,4050,2018,37.6
2230,234.0,4220,1998,29.6
2670,312.0,4530,1976,24.9
2400,261.0,4390,2003,31.2
2120,235.0,4260,2009,31.8
2360,263.0,4020,1977,28.5
2520,259.0,4340,2003,34.0
2180,,4230,1978,27.5
2560,295.0,5100,1980,24.1
1740,209.0,3950,1999,30.3
2400,261.0,4600,2020,28.7
2230,,4230,1976,26.9
2150,,4040,1979,32.2
2030,261.0,4020,2011,28.9
2340,,4430,1975,29.3
2340,270.0,4290,1992,28.8
2320,233.0,4020,1989,28.6
1910,200.0,4180,1980,30.5
2420,277.0,4380,1976,27.6
2060,246.0,3860,2019,32.7
2300,274.0,4510,1991,33.3
1850,205.0,4100,2008,31.1
2440,271.0,4520,2004,29.7
2020,235.0,4190,2005,29.6
1960,236.0,3690,2012,30.3
2430,281.0,4130,1985,31.8
1940,234.0,4300,1979,26.9
2440,280.0,4450,2003,28.6
2210,,4350,1979,28.3
2180,235.0,4200,1988,33.5
2320,247.0,4330,2002,31.6
2650,253.0,4470,2018,28.8
2380,273.0,4720,2001,29.9
2420,267.0,4530,2020,35.0
2370,235.0,4330,2012,33.4
2400,269.0,4320,1999,30.6
2400,240.0,4250,2003,29.8
2280,263.0,4030,1980,30.9
2250,255.0,4390,1995,29.4
2380,277.0,4330,1976,24.7
2320,269.0,4530,1988,29.6
2220,226.0,4200,2017,33.3
2470,,4600,1984,26.2
2230,230.0,4100,1976,29.2
2030,219.0,4520,1984,27.1
2650,,4520,1980,24.4
2360,279.0,4280,1989,28.7
2330,271.0,4430,1990,27.0
2640,287.0,4870,1987,24.0
2160,243.0,4030,1996,29.8
2080,266.0,4190,1991,27.5
2660,308.0,5200,1985,25.1
2430,280.0,4400,1982,30.8
2470,275.0,4630,2016,30.8
2420,259.0,4210,1993,27.3
2210,279.0,4330,1997,33.4
2290,235.0,4210,2024,32.5
2260,259.0,4230,2022,30.3
2350,273.0,4460,2004,25.2
2210,248.0,4310,2021,32.3
2120,245.0,4490,2017,31.3
2230,244.0,4080,1990,27.3
2250,,4300,1981,24.7
2110,,3940,1977,31.4
2370,253.0,4530,2014,27.5
2040,240.0,3970,2019,33.6
2260,250.0,4600,2013,32.8
2160,,4310,1987,33.1
2380,277.0,4400,2023,31.8
2690,289.0,4910,1979,24.1
2170,253.0,4430,2014,27.9
2000,239.0,4130,1993,30.9
2550,,4390,1984,28.0
2490,262.0,4380,1978,25.5
2140,285.0,4330,1994,29.8
2170,238.0,4270,1982,31.5
2490,,4350,1984,28.2
2430,257.0,4560,1988,26.7
2280,267.0,4570,1986,25.2
2400,267.0,4740,1977,26.2
2640,296.0,4420,2022,31.5
2290,260.0,4380,1982,26.7
2350,,4730,1981,26.8
2540,280.0,4590,1987,24.7
2510,253.0,4220,2003,31.4
1980,231.0,3840,1985,27.8
2530,280.0,4440,1981,22.7
2320,259.0,4330,2020,32.7
2320,,4300,1984,27.7
2290,274.0,4350,2008,29.5
2320,281.0,4510,2011,26.1
2270,240.0,4660,1991,28.5
2270,228.0,4090,2022,33.1
1890,213.0,4080,2007,36.8
2170,,3900,1977,28.6
2130,251.0,3750,1990,32.5
2230,254.0,4530,1988,27.4
2580,291.0,4600,1991,30.1
2100,231.0,4180,1989,29.5
2260,270.0,4150,1995,32.2
2150,225.0,4110,1978,28.1
2380,,4580,1984,28.3
2460,276.0,4760,1979,26.1
2230,225.0,4050,2005,32.3
2100,259.0,4100,1990,34.4
2070,244.0,3780,2019,38.8
2670,291.0,4530,2008,28.2
2150,239.0,4220,2007,36.1
1960,241.0,3850,2020,34.3
2410,251.0,4350,1991,29.0
2110,235.0,3940,2019,35.3
2210,249.0,4110,2019,34.3
2190,248.0,4460,2019,32.5
2060,226.0,4460,2015,28.7
2430,261.0,4130,2011,33.4
2270,285.0,4290,2009,30.3
2470,271.0,4610,2002,28.4
2380,237.0,4150,1981,27.8
2050,259.0,3800,2014,30.2
2350,248.0,4310,1979,27.1
2380,271.0,4460,1991,27.0
2020,,3940,1999,32.7
2160,271.0,3840,2013,31.1
2250,286.0,4110,1992,29.0
2270,251.0,4380,2001,29.0
2520,280.0,4270,1986,31.5
2560,282.0,4450,1988,29.0
2390,287.0,4030,1989,29.5
2070,236.0,4360,1988,29.1
2320,256.0,4450,1994,31.2
1950,,3650,1978,29.6
2230,229.0,4270,2001,33.0
2250,286.0,4090,2009,31.7
2070,232.0,3890,1996,32.5
1970,238.0,4090,2005,28.1
2230,250.0,4320,2004,30.6
2570,278.0,4340,2000,29.6
2260,244.0,4220,2012,32.2
1940,241.0,4130,2012,28.4
1950,199.0,4050,1996,36.0
2550,263.0,4520,1977,27.0
2370,242.0,3990,2012,32.4
2250,271.0,4190,1985,29.7
2250,250.0,4040,2006,35.5
2100,240.0,4120,1993,34.0
2240,261.0,4280,2010,28.1
2220,244.0,3940,1995,30.1
2240,,4170,1984,33.9
1920,221.0,3870,2020,32.3
2000,252.0,3930,2007,31.0
2410,269.0,4360,1994,30.4
2500,277.0,4590,1987,28.7
2450,,4080,1981,24.5
2120,234.0,3950,1984,33.8
2300,260.0,4160,1994,33.6
2010,229.0,3940,1992,30.9
1970,,4240,2015,30.9
2330,284.0,4270,2022,32.4
2220,267.0,4440,1977,27.5
2150,,4170,1978,31.8
2350,255.0,4380,1991,29.7
2160,239.0,4290,2008,30.2
2250,263.0,4640,1998,28.8
2420,254.0,4180,2012,31.0
2050,214.0,3770,2014,34.2
2360,252.0,4400,1987,25.7
2340,285.0,4530,1986,26.9
2380,273.0,4280,1983,25.5
2230,267.0,4380,1995,30.6
2430,254.0,4510,2009,26.0
2430,268.0,4310,2006,30.6
2360,298.0,4410,1997,33.7
2200,221.0,4340,2008,31.9
2210,243.0,4290,1987,27.0
2580,302.0,4880,1994,26.9
1860,206.0,4020,1988,27.6
2190,238.0,4060,1976,31.4
1710,208.0,3740,1981,36.0
2310,237.0,4390,2000,27.6
2120,274.0,4390,2023,32.9
1930,234.0,3960,1985,33.5
2090,238.0,4100,2017,33.6
2370,272.0,4200,1985,27.2
2460,273.0,4260,1976,26.1
2180,254.0,4350,2014,28.7
2130,248.0,4220,2004,32.1
2170,,4080,1992,27.5
2440,271.0,4530,2018,29.7
2510,,4380,2021,35.6
2330,254.0,4040,1990,28.6
2220,279.0,4250,1987,26.6
2160,269.0,4590,2009,30.9
2450,,4470,1977,28.0
2630,,4500,1984,27.3
2280,,3940,1977,28.4
2330,273.0,4380,1983,27.9
2720,277.0,4640,1995,29.1
2030,245.0,4200,2000,28.8
2430,281.0,4310,1989,29.6
2370,265.0,4310,1985,29.0
2360,256.0,4550,1995,31.0
1980,227.0,4260,2007,34.4
2140,223.0,3920,1986,30.1
2340,246.0,4240,1975,29.4
2340,,4370,1979,27.3
2330,262.0,4150,1983,27.0
2080,,3580,1979,33.4
2390,276.0,4830,1988,25.6
2340,270.0,4110,2001,30.3
2080,229.0,4710,2007,29.1
2160,255.0,4310,1996,26.5
2250,231.0,4090,2021,32.8
2030,234.0,4370,1979,32.5
2070,224.0,4320,2007,27.3
2180,287.0,4190,1978,27.1
2410,243.0,4580,2005,27.1
2380,280.0,4370,2019,36.2
2190,218.0,4560,1987,26.0
2170,219.0,4240,1996,31.3
2000,233.0,3820,2007,33.8
2130,265.0,4110,2012,35.8
2240,246.0,4340,2022,29.0
2340,239.0,4370,2005,32.8
2060,243.0,4260,2010,31.4
1970,240.0,3940,1987,32.7
2160,294.0,4140,2005,32.3
2380,277.0,4310,1987,28.5
2480,270.0,4640,2001,29.7
2460,279.0,4590,1991,27.0
2260,240.0,4020,2000,29.1
2080,232.0,3910,2018,33.8
2410,269.0,4400,1994,26.4
2140,,3990,1976,29.0
2350,,4080,1982,31.3
2670,283.0,4640,1982,30.8
2360,268.0,4370,1996,25.4
2240,241.0,3860,2009,31.5
2510,282.0,4570,1996,25.1
2350,268.0,4240,2018,32.2
2320,250.0,4410,2017,26.9
1990,204.0,3840,1995,34.8
2290,252.0,4170,2012,32.0
2370,269.0,4150,2007,35.2
2340,256.0,4740,1981,28.1
2400,251.0,4380,1975,24.0
2390,259.0,4420,2020,34.8
2330,262.0,4710,2013,28.6
2320,255.0,4250,2018,28.2
2290,,4540,1985,26.1
2250,258.0,4010,1975,31.2
2180,249.0,4320,2010,29.6
2330,260.0,4550,2019,31.9
2240,270.0,4250,1977,26.5
2390,246.0,4460,1996,29.7
2120,229.0,4200,2006,31.1
2240,242.0,3990,1980,30.3
2260,,4060,1981,27.8
2210,241.0,4200,1985,28.7
2000,246.0,4270,2022,32.4
2560,276.0,4410,2008,30.8
2330,259.0,4270,2000,30.2
2060,270.0,4180,2019,33.8
2220,221.0,4250,1991,26.8
1940,202.0,3730,2018,33.3
2430,279.0,4270,2007,27.0
2340,247.0,4430,1993,28.7
2460,259.0,4540,1996,26.4
2430,280.0,4240,2015,29.0
2090,240.0,4390,1991,29.4
2510,298.0,4560,2010,26.5
2080,240.0,4200,2023,30.8
2350,247.0,4050,2008,34.4
2200,257.0,4460,1988,25.5
2230,225.0,4220,2015,30.8
2220,224.0,3820,2020,35.1
2140,270.0,4230,2010,28.5
2010,220.0,3710,1989,28.1
2130,228.0,4160,2014,31.1
2080,219.0,4010,2021,32.7
2140,239.0,3980,1994,28.2
2120,256.0,4580,2008,33.6
2440,283.0,4560,1993,26.1
2350,,4240,1984,25.9
2330,246.0,4630,2005,30.9
2350,267.0,4440,1993,28.7
2180,,4160,2021,35.9
2430,,4450,1978,30.8
1870,215.0,3930,2002,31.7
2330,272.0,4090,1979,28.6
2210,228.0,4440,1983,29.2
2380,242.0,4240,2000,35.5
2180,244.0,4270,2018,31.7
2210,259.0,4020,1999,25.1
2160,239.0,4330,2020,26.9
2450,260.0,4240,2000,29.5
2390,273.0,4540,1978,28.2
2090,230.0,3820,2023,34.3
2480,255.0,4580,2023,31.9
2020,244.0,3960,2008,32.7
2470,281.0,4470,2005,32.0
2270,240.0,4430,2024,31.4
2450,269.0,4400,1989,24.1
2240,268.0,4460,2024,30.7
2150,241.0,4150,2022,33.1
1720,187.0,3570,1985,32.3
1960,,3890,1983,29.7
2260,269.0,4240,1980,26.6
2310,241.0,4290,1989,27.7
2190,237.0,4250,1985,32.4
2510,264.0,4670,2000,29.5
1930,209.0,3800,2003,33.3
2050,214.0,3960,2014,32.4
2150,231.0,4150,2006,36.6
2370,277.0,4200,1997,24.9
2000,213.0,4130,2002,29.6
2110,,4150,1988,29.4
1880,214.0,3660,2021,35.8
2360,269.0,4410,1976,25.9
2080,240.0,4070,1998,30.7
2170,254.0,3980,1975,27.2
2480,265.0,4290,2022,27.8
2030,232.0,3740,2007,31.9
2080,214.0,4090,1983,28.0
1900,244.0,4160,1976,30.0
2340,,4090,2014,26.6
2540,267.0,4520,1986,28.5
2480,,4640,1978,21.9
2340,254.0,4320,1983,30.2
2240,276.0,4320,1988,28.9
2440,265.0,4290,1987,28.6
2320,258.0,4070,1987,27.6
2260,228.0,4170,2013,30.0
2180,228.0,4080,1982,31.1
2250,241.0,4720,2008,28.9
2300,257.0,4410,1991,27.5
2150,246.0,4280,1989,28.8
2400,,4290,1978,30.5
1890,190.0,3820,2014,33.1
1670,210.0,3730,2021,39.1
2480,276.0,4550,1996,26.2
2150,249.0,3800,2023,34.0
2300,,4200,1984,29.0
2790,297.0,4610,2011,31.9
2170,241.0,4360,2012,30.1
2420,273.0,4230,1994,30.8
2210,262.0,4110,2015,27.6
2210,242.0,4160,1989,29.8
2420,282.0,4200,1990,28.6
2170,257.0,4190,2008,31.6
1790,223.0,4240,2020,31.5
2210,243.0,4120,2022,31.8
2250,281.0,4220,1979,28.5
2070,247.0,4030,1981,33.3
2460,271.0,4580,2007,32.6
2400,263.0,4390,2011,29.4
2250,,4130,1978,26.4
2380,254.0,4550,2017,31.8
2040,223.0,3970,2021,32.4
2290,293.0,4510,1979,27.5
1920,228.0,3730,2021,31.4
2230,255.0,4240,2022,34.0
2340,256.0,4480,2018,32.0
2410,279.0,4340,2016,32.2
2340,250.0,4430,2020,30.1
2190,,4240,1983,26.1
2280,255.0,3900,2020,34.2
2240,252.0,4320,2006,31.6
1970,240.0,3980,1986,29.6
2160,238.0,4030,1988,28.7
2390,,4140,1983,25.2
2530,290.0,4650,2005,26.8
2450,257.0,4220,1989,33.2
2190,260.0,4050,2009,34.4
2100,245.0,4050,1987,28.6
2210,264.0,4090,2015,27.9
2010,227.0,3710,1990,31.5
1870,223.0,4060,1996,27.5
2180,223.0,4360,2014,34.1
2290,252.0,4310,2013,26.5
2190,256.0,4350,1990,35.0
2500,283.0,4340,2007,28.5
2150,240.0,4350,2022,33.5
2290,264.0,4230,2008,30.2
2150,251.0,4000,2004,30.1
2200,244.0,4460,1995,27.0
1930,211.0,3910,2007,32.2
2140,229.0,4370,2018,32.2
2250,232.0,4370,1993,26.9
2180,249.0,4270,2009,28.9
2270,277.0,4610,1987,24.8
2180,261.0,4110,2016,32.8
2470,268.0,4840,2004,28.2
2400,269.0,4550,1977,26.1
2370,265.0,4290,2010,32.1
1990,238.0,4050,1988,29.2
2090,215.0,4400,2021,28.6
2130,239.0,4530,1979,27.1
1940,201.0,4230,1992,28.7
2420,,4250,1984,25.0
1910,217.0,3320,2022,36.3
1940,230.0,3840,2002,31.0
2160,240.0,4110,1978,32.7
2290,257.0,4310,1986,25.4
2100,230.0,4120,2015,32.1
2230,272.0,4140,1983,26.7
2130,240.0,4410,1982,29.7
2090,237.0,4170,2015,32.7
2390,255.0,4270,2003,26.1
2020,226.0,3980,2014,33.6
2290,247.0,4420,2008,28.5
2300,255.0,4390,1980,25.4
2330,273.0,4470,2017,33.4
2030,230.0,4050,1986,30.2
2390,285.0,4350,2016,30.9
2260,236.0,4100,2006,31.6
2230,262.0,4260,2001,28.9
2400,264.0,4760,1997,28.9
2230,244.0,4300,1997,31.1
2500,279.0,4550,2015,29.5
2240,243.0,4210,2011,27.3
2110,249.0,4040,1991,30.1
2670,289.0,4690,2020,28.4
2330,244.0,4590,2019,29.8
2640,305.0,5070,2002,26.8
2270,250.0,4280,2022,30.0
2420,280.0,4430,2005,29.3
2110,251.0,4220,2010,30.1
2390,264.0,4050,1987,27.2
2280,292.0,4360,2000,27.0
2390,227.0,4520,1995,27.9
2110,240.0,4130,2005,29.1
2430,259.0,4170,2004,28.4
2700,272.0,4970,1985,26.1
2170,243.0,4050,1996,30.3
2000,225.0,4030,1994,28.6
2380,284.0,4630,1985,26.8
2250,273.0,4020,1985,28.7
1900,223.0,4030,2023,35.1
2110,,3830,1977,29.1
2240,272.0,4160,2000,27.1
2080,226.0,4200,2015,33.4
2260,244.0,4120,1990,29.6
2040,227.0,3740,2009,32.2
2440,277.0,4530,2020,29.6
2520,267.0,4280,2012,30.0
2110,,4120,1977,32.6
2310,248.0,4190,1991,29.6
1960,259.0,4220,1995,33.0
2270,241.0,4350,2002,31.0
2040,210.0,4220,1994,31.8
2250,248.0,4280,1991,26.1
2110,236.0,3860,1980,31.9
2470,249.0,4080,1988,31.7
2180,280.0,4260,2003,29.9
2610,289.0,4770,2005,30.7
2360,279.0,3910,2021,31.3
2310,239.0,4210,1977,26.9
2140,,4190,1980,25.8
2330,277.0,4180,1976,28.7
2270,248.0,4390,1995,27.0
2460,254.0,4490,1996,34.1
2390,,4530,1979,29.7
2570,293.0,4630,2001,29.9
2620,300.0,4750,2000,26.7
2530,267.0,4450,1990,29.7
2260,,4250,2019,32.3
2280,231.0,4280,2012,31.1
2210,,4070,1983,25.6
2480,295.0,4590,1997,31.4
2150,247.0,4360,2007,30.4
2360,252.0,4300,2000,27.4
2170,271.0,4530,2020,32.6
2290,,4080,1983,27.9
2630,295.0,4810,2008,31.9
2150,230.0,4210,2022,32.5
2020,216.0,4020,1983,31.0
2230,248.0,4230,1978,24.5
2200,265.0,4280,1985,28.0
2380,262.0,4390,2000,30.3
2070,250.0,4290,2004,29.5
2340,267.0,4520,1989,24.3
2130,247.0,4140,1996,27.0
2290,254.0,4580,2007,27.1
1890,,3770,1976,29.6
2250,274.0,4400,2006,29.2
2410,,4370,1981,25.4
2110,,3920,1981,32.1
2180,252.0,4230,1994,26.2
2230,238.0,4360,1998,32.0
2130,239.0,4180,2015,34.3
2020,216.0,3880,1993,29.4
2200,256.0,4070,2016,31.2
2380,265.0,4400,1978,28.3
1920,233.0,3730,2001,36.0
2320,266.0,4770,2005,33.0
2000,213.0,3690,1993,36.6
2160,,4210,1976,27.1
2700,290.0,4520,1984,26.1
2070,218.0,4110,1995,29.4
2050,245.0,3880,2018,32.4
2030,242.0,3830,2023,32.3
2280,262.0,3860,2008,31.6
2290,297.0,4450,2003,29.3
2170,255.0,4310,1983,24.2
2210,249.0,4450,2002,28.6
2310,253.0,4390,2018,30.0
2630,293.0,4500,1998,30.8
2220,268.0,4490,2016,27.0
2580,272.0,4450,1984,26.8
2390,268.0,4450,2023,36.0
2440,256.0,4370,2017,31.2
1930,201.0,4120,2006,32.4
2030,208.0,3870,2019,30.8
2340,261.0,4180,1996,30.4
1980,232.0,3890,2012,34.0
2320,263.0,4210,1977,27.0
2250,275.0,4320,1998,30.0
2350,236.0,4310,1994,30.8
2010,219.0,4210,2023,33.1
2040,216.0,4100,1981,30.5
2390,302.0,4240,1989,25.1
2590,284.0,4590,1987,28.5
2250,261.0,4340,1986,27.6
2340,274.0,4210,1997,34.0
2160,245.0,4410,2014,30.8
2320,223.0,4120,2023,31.5
2250,,4190,1979,30.5
2280,228.0,4480,2004,28.8
2330,283.0,4260,2021,31.1
2030,251.0,4260,2006,31.5
2380,264.0,4470,1984,27.0
2200,254.0,4210,1985,28.9
2600,313.0,4290,1990,31.3
2410,268.0,4510,1980,29.3
2170,224.0,4370,2009,29.3
1960,244.0,3830,1990,31.8
2250,249.0,3820,2014,32.3
2330,265.0,4470,2010,29.2
2060,248.0,4090,1981,24.6
2300,269.0,4310,1979,24.7
2310,289.0,4200,1996,28.7
2250,263.0,4360,1993,28.2
2530,285.0,4260,1996,23.8
2230,253.0,4460,2023,34.3
2180,261.0,4120,1979,31.0
2000,249.0,3820,2021,34.1
2510,,4700,1981,24.0
2150,228.0,4000,1989,32.3
2360,256.0,4110,1984,27.8
2250,240.0,4380,1993,29.6
2220,251.0,4320,2017,31.9
2220,253.0,4040,2000,29.6
2190,244.0,3980,1986,31.9
2110,241.0,4340,2023,31.8
2590,288.0,4530,1987,28.2
2300,252.0,3950,2016,31.3
2280,268.0,4190,1985,28.6
2340,249.0,4400,2021,27.4
2220,235.0,4310,1992,28.2
2180,236.0,4330,2007,32.1
2540,273.0,4410,2010,28.7
2060,218.0,3910,2004,35.4
2150,239.0,4310,1980,28.9
2350,261.0,4510,2006,26.6
2590,257.0,4290,2013,28.6
2030,233.0,4430,2002,29.5
2370,252.0,4350,2014,29.1
2290,244.0,4210,2017,32.8
2270,252.0,4290,2011,33.7
2590,304.0,4600,2017,26.2
2210,256.0,3970,2021,35.9
2530,,4360,1979,26.9
2470,269.0,4480,1988,28.4
2550,291.0,4360,2009,29.1
2370,269.0,4540,2019,35.5
2540,251.0,4390,1983,30.0
2470,269.0,4340,2015,32.1
2170,251.0,4210,2006,29.3
2410,267.0,4680,1994,26.1
2390,259.0,4740,1990,24.8
2130,235.0,3960,2009,35.8
2430,271.0,4440,1990,28.1
2180,239.0,4110,1975,27.6
2350,260.0,4880,1979,25.9
2110,254.0,4050,2001,37.3
2100,238.0,4050,2001,32.7
2110,252.0,3800,1980,28.3
2470,275.0,4140,2009,33.3
2380,266.0,4140,1987,28.8
2160,253.0,4020,1980,33.7
2060,236.0,3870,2002,30.0
2120,228.0,4170,2018,29.9
2070,234.0,4190,1978,27.7
2380,268.0,4210,2003,29.1
1840,197.0,3690,2008,33.6
2030,236.0,4260,2013,28.9
2220,252.0,4340,1982,26.9
1990,240.0,4120,2016,35.6
2330,248.0,4430,2011,28.3
2470,,4530,1975,22.2
2230,290.0,4480,2001,30.3
2660,323.0,4620,1979,29.4
2360,264.0,4370,2012,38.7
2160,230.0,4060,2008,31.7
2300,265.0,4080,1999,32.1
1910,232.0,3440,2000,35.7
2280,248.0,4170,1989,27.5
2410,,4080,1978,25.3
2210,253.0,4240,2016,30.7
2160,227.0,4520,1981,29.4
2390,268.0,4540,1997,28.1
2220,244.0,4380,2021,36.2
2270,255.0,4110,2003,34.1
2290,278.0,4190,1990,31.2
2380,242.0,4470,2003,32.0
2240,276.0,4220,2022,34.2
2440,269.0,4640,2007,31.1
2170,,4290,1977,28.5
2630,285.0,4670,1990,25.2
2320,270.0,4230,2023,30.5
2290,,4170,1981,28.1
2350,257.0,4320,1998,30.6
2480,276.0,4420,2016,33.6
2250,,4060,1977,29.9
2400,270.0,4040,1976,30.5
2180,259.0,4090,2019,30.4
2070,259.0,4250,1980,30.9
2420,263.0,4740,2022,31.6
1920,219.0,4140,2007,32.9
1980,241.0,4050,2000,34.6
2220,235.0,4010,2023,30.4
1970,230.0,4040,2008,32.7
2050,240.0,4200,2005,30.8
2410,253.0,4320,1988,27.6
2010,202.0,3730,1997,33.0
2250,264.0,4150,2016,32.7
2010,238.0,4000,1988,25.8
2310,258.0,4480,2019,30.9
2300,,4380,1978,27.7
2320,264.0,4430,2000,27.9
2210,263.0,4940,2009,29.7
2170,232.0,4290,2016,31.0
2020,250.0,4200,2011,30.4
2240,249.0,4260,2020,28.7
2340,266.0,4290,2020,31.5
2100,216.0,3910,1977,28.3
2360,279.0,4410,2010,30.2
2570,286.0,4660,2007,27.3
2170,237.0,4360,2020,32.1
2090,248.0,4260,2017,29.7
2310,266.0,4580,2001,29.6
2250,251.0,4240,2019,35.3
2560,324.0,4750,2016,27.4
2310,273.0,4420,2009,26.9
1960,,4010,1980,26.2
1890,223.0,3920,2010,31.0
2440,263.0,4650,1976,27.5
2630,304.0,4350,1977,30.9
2290,261.0,4340,1998,26.2
2300,250.0,4410,1978,25.6
2280,253.0,4400,2009,29.5
2420,315.0,4620,1987,28.2
2260,252.0,4460,2012,31.5
2380,266.0,4770,1992,29.2
2200,,4290,1975,27.5
2500,271.0,4370,2007,31.6
2310,266.0,4100,1999,31.2
2170,237.0,4120,1977,30.8
2260,246.0,4390,1989,25.7
1860,212.0,3800,1987,31.0
2350,272.0,4390,1986,30.8
2340,,4460,1981,26.8
2240,262.0,4420,2023,32.1
2220,243.0,3960,2022,36.8
2520,242.0,4420,1988,28.2
2430,293.0,4260,2018,32.7
2360,259.0,4140,2001,33.7
1950,213.0,4210,2021,32.7
2130,219.0,4370,1979,25.9
2370,270.0,4200,2022,33.2
2560,290.0,4330,1978,23.5
2360,257.0,4330,1985,31.1
2460,279.0,4670,2010,27.1
2410,275.0,4450,2000,27.4
2310,278.0,4540,2001,30.1
2490,260.0,4740,1985,27.0
2100,244.0,3910,2009,30.9
2480,260.0,4680,2021,32.4
2670,297.0,4610,1979,23.5
2200,273.0,4010,2023,28.5
2300,257.0,4400,2021,32.9
2110,220.0,3810,2008,30.8
2080,,4040,1981,32.9
1960,226.0,4130,1976,32.0
2280,270.0,4680,1988,28.1
2230,281.0,3980,1988,28.8
2120,240.0,4300,2005,28.2
2290,264.0,4470,1986,27.9
2210,254.0,4060,1999,27.9
1850,221.0,3910,1997,31.5
2030,,4080,1982,28.7
2410,232.0,4770,1998,32.8
2370,268.0,4060,2005,30.1
2250,243.0,4460,2019,31.6
2390,257.0,4140,1999,28.1
2510,269.0,4740,2024,29.8
2470,,4710,1984,27.3
2160,255.0,4220,2016,34.8
2350,260.0,4210,2016,32.6
2350,228.0,4120,1995,28.3
2040,232.0,3950,1993,29.6
2240,261.0,4370,2002,29.9
2470,250.0,4470,2023,37.9
2240,251.0,4120,2014,32.6
2420,263.0,4230,2014,30.1
2510,283.0,4200,1978,25.2
2070,251.0,3880,1976,32.3
2250,,4340,1978,29.1
2280,297.0,4530,1979,29.0
2370,262.0,4570,2003,27.9
2290,,3900,1978,26.8
2090,248.0,4100,2012,33.3
2550,290.0,4450,2002,31.7
2220,219.0,4270,1986,27.6
2350,246.0,4390,2013,31.0
2660,297.0,4690,1986,28.8
2020,221.0,4170,1998,30.7
2210,250.0,4510,2010,34.0
2160,244.0,4130,1989,29.7
2040,227.0,3880,1989,31.8
2600,286.0,4610,2010,27.7
2290,265.0,4490,1979,27.1
2240,229.0,4240,1982,24.4
2340,254.0,4160,2016,35.5
2300,244.0,4280,2016,31.0
2690,289.0,4550,2021,28.8
2010,251.0,4030,2014,31.0
2020,246.0,4010,1985,32.5
2290,272.0,4220,2004,27.4
2610,288.0,4800,1989,26.3
2560,291.0,4570,2012,30.0
2310,,4370,1984,27.1
2390,282.0,4330,1980,24.2
2250,269.0,4420,1999,27.8
2010,216.0,4140,2010,32.6
2160,234.0,4180,1976,26.8
2210,251.0,4290,1984,33.6
2280,243.0,4230,1999,28.2
2210,262.0,4180,2020,33.1
2520,252.0,4220,2013,28.3
2240,257.0,4320,2015,28.8
2340,269.0,4720,1999,31.8
1990,234.0,3850,2021,30.6
2170,260.0,3910,2018,36.2
2320,262.0,4200,2015,31.9
2010,240.0,3720,2018,35.9
2070,246.0,4120,2005,29.7
2620,266.0,4740,1994,25.2
2010,224.0,4100,2016,32.9
2320,248.0,4690,2019,29.1
2310,249.0,3940,2021,32.9
2060,221.0,4150,2001,33.2
2620,273.0,4820,2020,30.2
2590,293.0,4550,2021,27.8
2110,258.0,4300,1998,31.1
2240,252.0,4080,1992,32.6
2050,,3780,1976,29.8
2260,237.0,4250,1994,28.2
2080,270.0,4010,2019,35.0
2030,213.0,4150,1999,29.2
2070,235.0,3910,2003,32.2
2430,306.0,4590,2000,29.0
2150,245.0,4180,2005,33.2
2420,282.0,4070,1999,33.2
2440,276.0,4500,2021,33.3
2420,272.0,4470,1980,28.2
2380,248.0,4260,2008,29.8
1930,233.0,3980,1983,27.6
2100,236.0,4150,1982,28.7
2300,254.0,4270,1995,31.5
2210,268.0,4090,2013,30.9
2280,294.0,4300,2003,34.6
2180,243.0,4100,1978,25.5
2280,,4030,1979,29.3
2150,249.0,4260,1988,27.3
2200,,4160,1976,28.7
2550,279.0,4460,1993,25.8
2060,243.0,4090,2013,33.0
2140,218.0,4120,2024,35.0
2350,250.0,4270,2008,29.7
2260,283.0,4560,2003,29.9
2440,,4260,2006,28.7
2330,,4240,1986,29.2
2700,,4800,1985,24.7
2360,271.0,4290,1979,24.9
2240,257.0,4280,1985,30.1
2500,235.0,4230,1988,29.0
2130,268.0,4310,2017,33.3
2320,253.0,4000,1998,31.4
2440,265.0,4500,2021,31.0
2200,264.0,4200,2012,30.5
2210,286.0,4190,2010,33.7
2130,270.0,4240,2020,29.3
2170,267.0,4030,1986,24.8
1920,228.0,3960,1999,28.5
2120,231.0,3840,2008,28.0
2260,249.0,4490,2021,30.0
1960,182.0,4470,2008,32.6
2580,297.0,4420,2019,31.4
2170,231.0,3860,2010,32.4
2300,277.0,4100,1999,29.1
2470,286.0,4560,2016,35.7
2100,244.0,4260,2001,31.6
2390,283.0,4600,2015,30.2
2080,220.0,3890,1980,28.8
2140,226.0,4060,2024,33.7
2100,243.0,4230,2007,31.6
2100,235.0,4310,1988,30.2
2650,276.0,4630,1990,24.9
2500,275.0,4630,2020,30.2
2310,252.0,4480,2012,29.7
2100,247.0,4080,2023,32.5
2220,258.0,4230,2013,34.4
2310,269.0,4750,1991,28.3
2470,266.0,4480,1984,23.8
2320,252.0,4360,2002,28.1
2180,248.0,4160,2013,35.0
2700,278.0,4610,1981,26.0
2330,255.0,4120,1986,29.2
2260,246.0,4290,2003,28.0
2090,222.0,4110,1997,28.4
2420,272.0,4530,2019,28.7
2500,263.0,4110,2022,33.5
2290,262.0,4290,2011,30.7
2080,243.0,3980,2021,36.0
2100,222.0,4040,1982,27.1
2040,223.0,4190,2016,35.0
2550,259.0,4670,1997,24.5
2450,292.0,4290,2018,30.8
2160,237.0,4320,1989,30.9
2330,251.0,4130,1997,30.7
2330,253.0,4240,1982,27.5
2400,270.0,4200,1981,27.0
2700,272.0,4310,2018,30.9
2120,222.0,4220,2023,32.2
2410,259.0,4360,1989,30.6
2330,231.0,4380,2010,29.2
2030,246.0,3650,2002,33.0
2200,263.0,4360,1999,28.5
2130,215.0,3820,2000,28.9
2280,273.0,4280,1989,26.2
2440,274.0,4430,2006,27.0
2100,221.0,4370,1999,29.7
2230,233.0,4410,2012,29.7
2200,257.0,3760,1992,28.7
2270,272.0,4450,1982,32.3
2350,293.0,4140,1976,24.7
2190,268.0,4280,1985,27.4
2050,217.0,4170,2020,34.2
2160,240.0,4170,2007,30.3
2050,233.0,4260,1996,31.7
2160,239.0,4310,1992,27.9
2020,226.0,3810,1999,31.3
2640,,4790,1982,25.3
2080,235.0,4200,1976,31.6
2360,263.0,4320,1991,28.9
2350,,4410,2007,27.8
2530,305.0,4750,1998,24.8
2120,244.0,3990,1988,29.9
2230,255.0,4600,2018,30.3
2500,,4660,1980,26.1
2050,257.0,4020,2004,31.2
2120,244.0,4040,2001,30.5
2410,256.0,4460,2015,31.1
2610,289.0,4350,1976,31.2
2050,236.0,4110,1990,33.4
2090,210.0,4250,2010,31.9
1990,260.0,3800,2018,33.0
2540,268.0,4750,2015,28.0
2300,261.0,4280,1990,26.9
2400,,4280,1980,29.9
2290,254.0,4170,2020,34.8
2100,250.0,4180,1998,30.5
2380,245.0,4420,2016,31.7
2170,231.0,4310,1993,27.5
2570,286.0,4740,2023,32.4
2390,256.0,4260,2007,30.0
2350,252.0,4250,1998,31.8
2200,,4300,1977,26.2
2370,273.0,4390,2002,30.4
2190,249.0,4140,2024,33.1
2420,276.0,4810,1993,25.6
2510,295.0,4800,1979,25.1
2560,275.0,4880,2013,27.0
2080,236.0,4200,2014,32.0
2330,,4500,1983,26.4
2180,230.0,4080,1991,28.6
2110,232.0,4210,2014,31.2
2050,228.0,3980,2006,34.8
2270,245.0,4390,2014,30.3
2530,267.0,4490,1989,30.1
2060,225.0,4150,1992,29.7
2190,222.0,4330,2000,30.1
2300,264.0,4540,1984,27.2
2580,,4750,1981,24.1
2350,246.0,4370,1976,26.4
2470,271.0,4440,1975,21.3
2240,,4290,1984,29.7
2250,226.0,4100,2002,30.1
2430,,4750,1976,28.3
2460,257.0,4090,2007,31.0
2150,256.0,4300,2022,30.1
2410,247.0,4670,2001,30.7
2010,233.0,4300,2001,33.5
2340,278.0,4180,2008,29.9
2400,298.0,4560,2006,29.9
2390,268.0,4200,1989,29.1
2360,278.0,4730,2016,29.7
1940,,3540,1976,36.6
2520,254.0,4620,2010,33.6
1980,218.0,3960,1987,28.1
2060,211.0,4200,1996,29.6
2580,304.0,4540,1977,27.4
2340,236.0,4490,2014,31.1
2380,223.0,4250,2004,32.3
2350,268.0,4290,2003,34.4
2190,268.0,4560,1996,31.2
2410,269.0,4280,1999,28.5
1930,227.0,4190,2003,30.4
2120,243.0,4110,2002,30.5
2020,,4010,1981,31.5
2260,260.0,4150,2007,32.1
2440,282.0,4250,2002,25.8
2120,238.0,4130,2001,30.6
2120,239.0,4070,1990,33.9
2350,241.0,4430,1998,29.7
2170,249.0,4160,2013,32.8
2330,271.0,4510,2012,27.1
2280,263.0,4530,2014,30.7
2560,288.0,4630,2009,26.8
2320,239.0,4100,2012,30.6
2030,,4250,1980,29.2
2560,269.0,4530,2017,30.1
1950,229.0,3990,2014,37.4
2180,237.0,4360,1978,29.4
2410,285.0,4330,2004,30.9
2240,261.0,4240,2023,33.4
2220,256.0,4010,2003,33.9
2020,,4050,1987,33.5
2450,291.0,4550,1985,24.2
2130,,4000,2011,30.9
2430,241.0,4380,2010,31.9
2250,265.0,4070,1994,28.4
1980,253.0,4330,2004,28.6
2300,273.0,4580,2008,30.4
2070,252.0,4530,1996,28.1
2550,266.0,4450,2006,27.6
2400,289.0,4620,1994,27.2
1810,211.0,3910,1981,32.5
2160,244.0,4170,2016,32.3
2340,283.0,4290,1994,31.1
2620,281.0,4640,1993,27.8
2230,248.0,4420,1982,28.2
2340,284.0,4230,1978,26.6
2020,254.0,3880,1978,28.4
2060,242.0,4100,2011,31.1
2270,250.0,4490,1983,26.2
2210,238.0,4450,1994,27.6
2470,280.0,4420,1986,24.8
2510,293.0,4830,1978,27.6
2150,256.0,4120,2008,30.2
2130,231.0,4210,2005,31.4
2300,273.0,4200,1989,29.6
2400,253.0,4190,1978,28.0
2440,252.0,4620,2016,27.0
1890,231.0,3960,2002,30.9
2370,258.0,3900,2015,34.5
2050,215.0,4590,2013,30.8
2200,283.0,4510,2011,32.7
2390,275.0,4410,2007,29.8
2090,252.0,4200,2009,29.6
2010,251.0,3710,2005,36.1
2290,246.0,4470,2013,31.0
2040,236.0,3840,1976,32.2
2460,300.0,4560,2020,33.0
1980,,3780,1977,32.5
2540,288.0,4420,1998,26.2
2400,266.0,4350,1978,27.4
2410,269.0,4610,2001,29.3
1820,215.0,3920,1994,31.1
2780,307.0,4940,1980,24.4
2230,253.0,4500,2024,33.1
2190,243.0,4060,2005,32.1
2330,260.0,4300,1997,26.2
2550,276.0,4180,2010,30.0
2180,248.0,4340,2000,28.0
2350,283.0,4410,1990,28.3
2000,210.0,4180,2012,30.1
2060,220.0,3950,2008,31.4
2450,263.0,4420,1994,25.9
2350,280.0,4790,2002,29.1
2540,290.0,4720,2012,28.8
2620,273.0,4910,1976,25.3
2260,249.0,4130,2006,30.7
2420,251.0,4100,2020,33.7
2230,242.0,4320,2018,34.9
2190,242.0,4270,1998,25.5
2130,218.0,4210,1988,28.5
2060,222.0,3930,1975,28.4
2540,270.0,4290,1999,29.3
2240,261.0,4440,1999,29.6
2360,245.0,4370,2003,28.8
2170,238.0,3950,2008,31.9
2290,273.0,4290,2003,30.9
2180,230.0,4090,2019,32.1
2240,242.0,4460,1982,28.4
2320,261.0,4420,2018,32.4
2400,260.0,4580,2000,28.6
2400,288.0,4350,2012,32.5
2380,,4470,1977,29.9
2080,239.0,4100,1985,24.5
2690,305.0,4880,1999,28.7
2310,274.0,4320,2023,29.7
2110,252.0,4220,2004,31.9
2060,238.0,3840,1998,31.0
2340,,4340,1976,28.1
2010,220.0,4180,2001,29.5
1940,240.0,3880,1989,32.7
2210,288.0,4120,1999,31.7
2220,258.0,4390,2023,33.2
2320,241.0,4020,2016,39.2
2490,278.0,4440,1990,28.4
2340,245.0,4200,1995,31.2
2270,232.0,4230,1995,27.9
2590,276.0,4240,1980,27.0
2030,240.0,4020,2024,31.9
2440,263.0,4820,2017,28.1
2410,276.0,4470,1996,29.8
2410,254.0,4080,2003,30.4
2320,259.0,4480,1992,27.6
2260,270.0,4120,1988,28.7
2680,299.0,4710,2017,28.6
2420,,4600,1975,29.9
2290,,4140,1977,27.7
2430,280.0,4780,1994,27.9
2120,239.0,4120,2012,31.4
2370,254.0,4650,2003,27.5
2030,228.0,4220,2023,32.3
2290,271.0,4300,1977,27.1
2100,225.0,4080,2022,34.1
2140,225.0,4170,1985,31.0
2090,251.0,3990,1986,33.2
1840,254.0,3980,1981,27.6
2110,252.0,4130,2022,36.5
2320,239.0,4340,2008,32.5
2120,281.0,4060,1976,29.2
2020,241.0,3880,2016,33.5
2070,232.0,3750,1984,33.6
2470,270.0,4330,1990,29.0
2260,260.0,4390,2023,34.0
2140,240.0,4470,1995,27.8
2170,248.0,3730,2016,32.9
2100,224.0,4230,2003,30.5
2310,,4220,1979,30.1
2320,278.0,4380,2013,31.5
2440,301.0,4500,1999,29.1
2260,255.0,3880,2004,31.3
2460,259.0,4710,2008,27.4
2280,241.0,4160,2002,27.9
2170,234.0,3660,2011,35.0
2320,272.0,4000,1980,31.7
2350,266.0,4670,1995,28.4
2290,261.0,4130,2003,28.6
2470,262.0,4390,1993,31.9
1800,225.0,3690,2002,30.8
2630,,4890,1983,27.0
2330,268.0,4400,2017,28.5
2080,249.0,3980,1998,29.6
2650,300.0,4740,2001,29.8
2660,275.0,4480,1979,25.0
2750,288.0,4910,1994,26.8
2380,276.0,4260,1996,33.8
2520,259.0,4310,1988,32.6
2360,252.0,4190,2024,30.6
2310,265.0,4210,2022,30.1
2350,260.0,4550,1986,26.6
2470,279.0,4550,2000,28.4
2040,220.0,4090,2007,30.0
2370,268.0,4180,1989,28.7
2480,291.0,4630,2000,25.1
2340,259.0,4210,1979,29.8
2420,284.0,4690,2006,27.4
2450,254.0,4290,1994,27.2
2200,268.0,4590,1986,27.7
2440,263.0,4390,2024,31.7
2300,249.0,4360,2015,29.9
2590,308.0,4300,2013,28.8
2380,254.0,4510,2003,30.3
2490,263.0,4380,2011,29.1
2320,260.0,4280,2009,30.9
2140,,4190,1976,23.6
2230,246.0,3990,1982,29.0
2180,252.0,4260,1995,26.2
2300,276.0,4420,2004,28.3
2090,224.0,4010,2010,33.7
2260,260.0,4210,1986,29.9
2270,265.0,4430,1976,28.0
2390,246.0,4560,2013,31.7
2160,219.0,4120,1993,28.7
2240,251.0,4130,2019,30.8
2370,265.0,4510,2000,27.9
2330,264.0,4440,1989,26.4
2300,237.0,3940,2020,27.7
2040,227.0,4230,2015,32.6
2120,229.0,3980,2012,31.5
1830,210.0,4130,2012,33.9
2240,250.0,4210,2007,31.2
2030,227.0,4180,2013,33.0
2000,230.0,4090,2021,34.0
1980,227.0,3700,2001,33.3
2440,266.0,4150,2014,29.1
2340,276.0,4690,1982,25.2
2220,224.0,4230,1984,29.7
2610,264.0,4430,2000,28.0
2050,218.0,3800,2003,34.9
2260,263.0,4130,2010,32.7
2020,224.0,4270,2009,30.4
2430,275.0,4360,2005,31.9
2590,294.0,4710,1981,23.5
2140,227.0,4150,2012,34.5
2230,262.0,4430,1994,26.0
2290,259.0,4380,1981,22.4
2200,271.0,4390,1986,29.4
2230,247.0,4090,1986,29.2
1980,223.0,4210,1982,26.3
2420,249.0,4360,1988,29.1
2430,290.0,4420,2022,31.8
2380,265.0,4000,2010,33.0
1870,201.0,4140,1979,27.7
2560,269.0,4360,2013,30.2
2150,226.0,4300,2008,27.6
2260,258.0,3840,1999,30.4
2030,201.0,4090,2018,32.2
2290,244.0,4160,1995,29.8
2260,261.0,4290,2020,32.1
2210,243.0,3620,2016,31.1
2720,305.0,4630,1997,28.4
2260,249.0,4620,1997,27.3
2170,232.0,4280,2000,28.2
2270,239.0,4360,2005,31.4
2260,238.0,3960,1982,26.5
2360,282.0,4390,2014,28.2
2260,231.0,4320,1991,32.4
1870,212.0,3980,1978,32.8
2140,253.0,4150,2021,32.1
2370,289.0,4450,2008,30.7
2590,323.0,4750,1984,28.1
1970,206.0,4270,1998,29.0
2280,257.0,4330,1988,29.4
2230,212.0,4340,1998,27.8
2150,250.0,4100,1999,28.2
2500,290.0,4890,2001,26.6
2240,267.0,4170,2015,34.9
2300,239.0,4490,1999,29.7
2320,,4330,1983,24.7
2260,239.0,4440,1979,27.1
2250,254.0,4410,2022,36.3
1990,235.0,4190,2003,31.0
2200,254.0,4270,2013,31.3
1850,,3850,1984,33.3
2220,256.0,3930,2003,29.0
2170,253.0,4440,2001,30.0
2590,303.0,5060,2010,29.3
2050,224.0,4130,2015,29.4
2410,,4140,1982,26.7
2000,242.0,4030,2017,34.5
2580,280.0,4490,1990,28.0
1980,230.0,4060,1993,31.7
2280,230.0,4140,2007,30.2
2400,273.0,4340,2016,31.1
2300,261.0,4440,2004,28.9
2230,,4190,1976,29.8
2260,247.0,4340,1994,25.9
2070,263.0,4310,2014,29.8
2500,271.0,4760,2024,29.1
2400,250.0,4620,2000,29.6
2260,246.0,4050,1990,31.2
2110,241.0,3920,2012,31.7
2220,238.0,4300,1998,31.5
2610,297.0,4890,2000,27.8
2290,253.0,4080,2021,32.7
2210,242.0,4240,1995,29.3
2320,271.0,4450,1995,30.3
2070,233.0,4040,1991,29.0
2430,280.0,4670,2016,25.1
2370,,4360,1980,25.3
2060,222.0,4200,2016,35.9
2280,247.0,4150,1982,28.3
2350,274.0,4100,2008,30.3
1810,218.0,3800,2009,29.3
2610,,4830,1978,27.6
2460,271.0,4740,2000,25.1
2340,278.0,4540,2011,30.6
2090,241.0,4100,2001,31.3
1960,,3860,2006,34.6
2520,276.0,4840,1978,21.8
2280,242.0,4510,1975,25.0
2100,236.0,3640,1990,30.1
2560,276.0,4450,2004,36.4
2430,261.0,4390,2013,26.4
2340,279.0,4360,1990,30.9
2330,261.0,4400,2007,25.0
2420,270.0,4740,2007,27.5
2120,233.0,4140,2001,30.7
2340,253.0,4080,2005,29.1
2360,272.0,4190,1984,27.7
2510,268.0,4180,1981,26.7
2310,,4590,1981,28.2
1920,212.0,3850,1989,33.0
2390,,4800,1984,22.1
2220,258.0,4360,2011,31.1
2330,229.0,4360,1985,28.2
2510,268.0,4760,2015,27.6
2380,259.0,4280,2012,31.3
2250,253.0,4590,1992,29.9
2190,253.0,4370,1997,25.5
2390,255.0,4230,2021,38.4
2300,285.0,4300,2004,30.5
2080,253.0,3890,1984,29.2
2360,236.0,4230,2021,30.3
2190,239.0,3800,1989,27.7
2260,256.0,4260,2008,30.1
2100,248.0,4300,2019,33.2
2410,260.0,4370,2024,33.0
2530,298.0,4760,1977,25.3
2250,268.0,4290,2005,34.3
2420,223.0,4390,2019,32.3
1940,235.0,4280,1998,33.7
2210,234.0,4190,2017,31.2
2390,286.0,4480,1985,31.6
2360,261.0,4490,2013,28.5
2570,274.0,4990,1981,25.5
2080,236.0,4060,1995,35.1
2630,303.0,4550,1989,28.0
2160,258.0,4320,1981,26.7
2130,240.0,4020,2016,34.9
2320,276.0,4290,2001,29.5
2230,267.0,4570,1979,33.6
2120,230.0,4170,1989,26.6
2210,,4340,1975,26.4
2240,255.0,4290,1985,26.2
2310,260.0,4320,2021,31.5
2420,247.0,4140,1990,26.5
2310,269.0,4620,1997,31.9
2240,252.0,4060,2005,29.6
2170,219.0,4130,2020,37.6
2360,264.0,4200,2021,31.7
2060,,3870,1980,32.3
2700,285.0,4310,2001,25.6
2480,282.0,4510,2022,31.6
2270,271.0,4310,2007,31.4
2480,267.0,4380,1992,29.3
2380,256.0,4670,2024,31.2
2170,265.0,4220,1980,30.1
2310,246.0,4850,1981,25.2
2220,225.0,4200,2000,32.2
2500,267.0,4440,2015,36.6
2620,278.0,4610,2000,29.0
2370,259.0,4130,2000,31.0
1990,241.0,4000,2016,31.6
2250,244.0,4110,2014,32.4
2530,273.0,4570,1999,30.7
2410,252.0,4440,2024,29.5
1970,207.0,3800,2022,33.8
2290,236.0,4340,2010,31.5
2280,270.0,4480,1982,23.0
2370,256.0,4170,1994,31.0
2350,278.0,4730,2015,33.4
2470,296.0,4680,2004,26.3
1980,245.0,4030,2024,30.8
2260,253.0,4080,2001,32.1
2570,296.0,4580,2021,32.7
2380,228.0,4720,1985,25.6
2690,282.0,4460,2010,27.1
2300,273.0,4480,2007,32.7
2300,266.0,4290,2020,27.5
2180,241.0,4190,2007,31.8
2230,284.0,4540,1986,29.3
2010,236.0,3780,2014,28.4
2090,252.0,4410,2011,30.9
2160,242.0,3930,2013,32.3
2630,291.0,4690,1986,25.5
2520,284.0,4520,1996,27.0
2100,,4240,1984,31.1
2380,266.0,4560,1976,26.0
2290,266.0,4240,1985,29.7
2270,220.0,4220,1986,32.4
2430,271.0,4490,2019,33.4
2310,260.0,4480,1990,29.0
2150,222.0,4230,1990,32.6
2280,237.0,4120,2009,32.4
2240,234.0,4640,2014,31.0
1980,239.0,4220,2007,33.9
2460,270.0,4370,2017,29.1
1980,244.0,4060,1984,32.3
2550,274.0,4540,1997,28.9
2300,272.0,4230,1981,26.1
2230,,3970,1978,27.4
2530,289.0,4800,1975,29.4
2570,,4390,1975,26.4
2150,266.0,4380,2007,29.4
2460,256.0,4430,1989,26.6
2110,233.0,4150,2022,32.8
2300,257.0,4220,1993,29.2
2100,247.0,3850,1981,30.0
2470,283.0,4710,2007,25.7
2190,,4230,1984,27.1
2060,223.0,3730,1988,28.7
2460,278.0,4450,2022,30.4
2440,262.0,4360,2005,27.1
2250,277.0,4110,2019,30.1
2110,255.0,4390,1990,24.8
2430,264.0,4630,1986,31.4
2420,254.0,4590,1989,28.7
2420,281.0,4130,2023,32.0
2100,222.0,4110,1991,32.2
2300,261.0,4430,2005,28.0
2240,,3850,1979,28.0
2330,276.0,4550,2006,33.2
2090,247.0,3800,1986,27.4
2170,226.0,3950,2007,35.4
2270,279.0,4330,2001,26.7
1930,221.0,4190,2011,32.1
2210,,4490,1984,32.3
2380,276.0,4640,2003,25.6
2070,238.0,4190,1985,27.4
2080,224.0,4320,2021,35.2
2210,250.0,4200,1997,31.0
2310,276.0,4240,2017,31.4
2540,295.0,4790,2016,29.5
2190,243.0,4070,1989,32.6
2400,277.0,4420,2016,29.3
2140,246.0,3950,1992,26.9
2220,266.0,4350,1997,29.2
2490,304.0,4330,2001,27.6
2280,264.0,4630,2023,27.7
1970,211.0,3900,1976,31.2
2270,269.0,4280,2019,33.6
2380,278.0,4770,2006,28.3
2600,279.0,4340,2023,32.9
2300,255.0,4380,2007,27.7
2310,261.0,4040,1996,30.2
1910,221.0,3710,2010,35.7
2340,263.0,4440,1979,29.8
2180,232.0,4080,2015,32.8
2130,247.0,4240,1980,29.7
2430,262.0,4440,2017,32.1
2340,249.0,4580,1975,23.4
2020,256.0,4460,2021,36.0
2510,258.0,4770,1992,29.5
2410,243.0,4440,2021,28.1
2350,268.0,4030,2020,30.3
2100,,4160,1979,28.6
2500,275.0,4300,2016,28.9
2170,246.0,4670,2017,32.8
2320,270.0,4280,1985,26.8
2750,315.0,4760,2023,31.3
2010,205.0,3690,1993,32.5
2350,257.0,4260,1994,28.0
2280,241.0,4250,1982,30.7
2250,231.0,4140,1982,27.5
2090,274.0,4110,2004,30.3
2080,241.0,3760,1995,32.5
2450,,4600,1979,28.6
2370,248.0,4310,1975,28.4
2200,236.0,4190,1975,24.2
2000,217.0,3920,2015,37.2
1920,218.0,4280,1983,28.4
2490,307.0,4190,2019,34.0
1990,239.0,4130,2004,30.1
2120,255.0,4200,2022,32.2
2370,282.0,4620,1992,30.8
2600,318.0,4850,1990,26.7
1890,219.0,3970,1996,35.2
2140,,4120,1976,28.2
2550,290.0,4400,2021,29.6
2330,252.0,4170,1986,27.8
2540,267.0,4120,2015,34.2
2340,261.0,4510,2010,31.5
2410,283.0,4430,1990,31.5
2450,285.0,4360,2005,27.5
2220,263.0,4260,2003,34.5
2000,232.0,4320,2005,36.2
1970,221.0,4360,2006,31.0
2380,,4570,2022,28.8
2150,261.0,4460,1988,29.2
2270,237.0,4400,2019,35.0
2000,229.0,4210,1998,29.5
2310,255.0,4120,2007,34.7
2490,274.0,4480,2006,30.6
2530,282.0,4430,1981,26.5
2420,271.0,4220,1994,27.2
1880,,4080,1975,28.2
2120,281.0,4000,1988,32.2
2080,235.0,4060,2015,33.7
2490,263.0,4630,2009,30.8
2260,246.0,4200,2002,30.2
2230,243.0,4260,2017,31.9
2420,263.0,4440,1987,27.5
2420,260.0,4820,2015,32.5
2370,285.0,4630,1985,25.3
2460,279.0,4800,1982,22.9
2280,255.0,4110,1979,29.1
2250,252.0,4140,1992,31.8
2680,290.0,4210,2008,30.1
2430,269.0,4720,1992,25.5
2220,226.0,4030,2010,35.4
2480,278.0,4540,2010,31.9
2100,,4020,1990,28.7
2450,296.0,4540,1991,25.5
2510,271.0,4760,2014,28.2
2470,296.0,4360,1989,29.0
2100,264.0,4270,1982,27.0
2060,223.0,3960,2001,28.5
2130,273.0,4080,1998,32.5
2320,,4330,1978,26.3
2180,246.0,3950,2021,34.6
2340,253.0,4420,1991,30.0
2270,255.0,4280,2008,31.1
2270,274.0,4110,2014,33.2
2070,267.0,4000,2004,35.6
2340,236.0,4310,2002,28.0
2060,,4010,1978,27.4
2460,,4380,1978,25.4
2400,,4050,1978,27.8
2200,262.0,4230,1993,26.4
2100,,4030,1995,29.7
2160,254.0,4190,2016,31.8
2040,237.0,3890,2022,31.9
1970,243.0,3840,2011,32.4
2340,271.0,3850,1994,31.8
2020,232.0,3730,2020,34.9
2340,276.0,4340,1980,25.2
2440,265.0,4690,2022,33.0
2280,247.0,4480,1989,27.1
2350,262.0,4510,2024,32.1
2200,231.0,4400,2024,33.8
2410,271.0,4740,2006,33.6
2470,289.0,4660,1988,27.1
2330,272.0,4140,1990,31.8
2060,243.0,4330,2016,32.4
2430,275.0,4420,1996,31.5
2340,269.0,4080,1979,28.8
2420,,4160,1997,28.8
2100,248.0,4280,1985,30.2
2000,222.0,3960,2010,30.4
2350,288.0,4030,2016,30.2
2190,263.0,3880,1987,26.2
2370,244.0,4360,2024,34.0
2180,236.0,4290,1981,32.4
2280,241.0,4320,1994,28.4
2270,263.0,4060,1980,32.8
2210,238.0,4100,2014,38.3
2250,,4340,2019,31.7
2070,227.0,4230,1981,29.7
1860,205.0,3740,2019,37.6
2430,269.0,4530,2016,27.8
2170,237.0,4130,2001,29.6
2400,281.0,4810,2008,30.8
2570,287.0,4750,1981,24.8
2080,239.0,4140,1993,30.0
2250,233.0,4320,1982,31.4
1870,201.0,3670,1976,30.9
2180,228.0,4030,1999,31.0
2330,235.0,4130,1988,30.4
2460,284.0,4450,1986,25.4
2480,279.0,4660,1984,25.2
2110,247.0,4100,1996,30.5
2260,286.0,4430,2003,34.2
2160,234.0,3720,2016,32.3
2130,239.0,4330,2022,31.4
2120,228.0,3930,2020,34.5
2260,243.0,4260,1995,26.9
2170,226.0,4000,1988,31.4
2340,,4480,2018,32.9
2130,242.0,4540,2001,30.2
1810,,3640,1995,32.7
2540,287.0,4440,1987,27.5
2230,248.0,3990,1984,29.2
2190,241.0,3740,2014,31.6
2420,290.0,4430,1990,23.1
2110,258.0,4220,2016,33.2
2740,296.0,4420,1986,26.8
2410,252.0,4490,1991,23.4
2000,245.0,3790,2020,34.1
2390,248.0,4520,1996,25.4
2310,221.0,4300,2023,31.3
2210,267.0,4420,1984,28.3
2380,230.0,4250,2010,31.5
2270,249.0,4620,2010,28.1
1940,234.0,3910,2013,29.6
1990,221.0,3700,1986,32.6
2480,270.0,4660,1975,22.9
2440,270.0,4580,2009,31.8
2370,263.0,3970,1982,32.8
2360,241.0,4260,2021,29.3
2350,253.0,4600,1992,27.5
2220,,4210,1982,30.4
2130,214.0,4180,1985,29.9
2320,252.0,4120,2002,29.2
2460,302.0,4710,1994,29.6
2390,264.0,4250,1997,32.7
2220,245.0,4120,1995,29.6
2160,255.0,4440,2011,32.9
2550,281.0,5010,2004,25.4
2610,294.0,4750,2012,28.0
2320,265.0,4690,2006,25.3
2350,252.0,4190,2020,28.9
2350,255.0,4260,2018,34.4
2350,273.0,4400,2000,31.7
2630,313.0,4650,1989,28.3
2070,230.0,4100,1992,30.4
2300,233.0,4660,1989,29.1
2490,300.0,4450,2000,28.7
2110,235.0,4290,1993,25.6
2290,279.0,4660,2010,31.4
2320,259.0,4310,1994,25.1
2070,241.0,3870,2007,35.3
2470,251.0,4530,1995,29.2
2120,248.0,3910,1985,30.6
1990,223.0,4020,2007,32.2
2310,258.0,4250,1999,30.1
2460,274.0,4330,2023,33.3
2230,268.0,4100,2015,36.5
2510,288.0,4670,2015,30.2
2090,235.0,4090,1997,31.3
2260,270.0,4390,2010,32.1
2480,274.0,4410,1989,30.1
2410,,4180,1976,29.0
2200,249.0,3960,2008,30.4
2270,240.0,4130,2021,33.1
2310,245.0,4510,1993,29.5
2370,,4320,1979,27.4
2430,265.0,4410,1979,21.9
2460,253.0,4600,1985,24.7
2200,260.0,4320,1997,35.9
1970,,3980,1979,26.6
2140,274.0,4500,1983,29.0
2140,265.0,4700,2000,26.8
2250,279.0,4230,2023,37.3
2180,245.0,4100,2021,34.0
2290,258.0,4520,2014,31.2
1980,205.0,4280,1993,33.7
2380,275.0,4490,1997,28.9
2200,244.0,4430,1992,30.5
2180,242.0,4280,2018,30.3
1980,238.0,3970,1993,29.9
2290,256.0,4190,1976,27.7
2460,294.0,4620,1989,28.6
1590,174.0,3480,1991,34.8
2300,253.0,4180,2002,31.5
2500,285.0,4290,1979,25.8
2500,,4360,1977,28.6
2320,,4030,1977,27.8
2420,240.0,4320,2022,31.6
2150,242.0,4420,2007,27.0
2250,263.0,4110,1995,33.6
2340,284.0,4260,2004,30.5
2360,254.0,4520,2016,28.6
2180,260.0,4340,1979,26.4
2110,274.0,4590,1989,30.0
2130,286.0,4030,2013,32.5
2100,252.0,3990,2002,29.2
2220,264.0,4140,2022,36.0
2680,318.0,4800,2021,27.9
2310,245.0,4320,1994,26.5
2430,282.0,4310,1987,31.6
2190,275.0,4390,1983,31.1
2400,268.0,4580,2001,27.9
2220,258.0,3990,2001,32.8
2250,236.0,4070,2004,28.8
1850,212.0,3920,2011,34.5
1970,252.0,3840,2020,35.8
2360,241.0,4440,2014,32.8
2360,286.0,4460,1976,25.8
2220,252.0,4390,1981,27.5
2060,248.0,4390,1997,28.5
2120,247.0,3820,1991,30.6
2100,245.0,4260,2002,30.2
2180,236.0,4330,1993,28.1
2310,246.0,4150,2022,31.5
2160,238.0,4290,2011,30.7
2300,231.0,4390,1978,28.2
2080,226.0,3950,2021,34.7
2640,278.0,4450,1980,29.0
2090,220.0,4200,2003,33.8
2240,,3990,1981,31.3
2380,280.0,4710,1989,30.8
2300,262.0,4200,2005,28.7
2420,254.0,4160,2022,31.3
2200,233.0,4060,1996,31.7
2150,251.0,4480,2019,31.0
2250,255.0,4110,1991,28.6
2260,277.0,4240,2018,29.2
1970,209.0,3700,1977,32.1
2390,275.0,4630,1989,24.3
2360,254.0,4750,2007,28.5
2230,247.0,4020,1978,30.2
2210,246.0,3970,2007,29.3
2440,265.0,4490,1985,24.7
2330,249.0,4040,1981,28.6
2110,239.0,4260,2012,27.1
2040,231.0,4320,2004,32.7
2270,246.0,4220,2005,29.7
2140,237.0,4430,2014,27.6
2140,235.0,4050,2021,31.3
2210,253.0,4430,1995,30.4
2320,251.0,4430,1990,31.5
1930,240.0,4020,2013,33.4
2120,235.0,4000,2012,34.0
2170,267.0,4190,2004,33.1
1970,255.0,4300,2019,31.9
2340,250.0,4050,2005,31.6
1920,231.0,3990,1996,32.8
2270,267.0,4610,1990,26.1
2010,238.0,4230,1999,29.5
2540,285.0,4670,2023,29.6
2160,251.0,4050,1987,28.1
2070,222.0,4230,2007,32.5
2250,235.0,3960,2019,32.1
2440,259.0,4570,2014,28.7
2360,265.0,4270,1990,27.2
2310,288.0,4050,2022,33.2
2270,264.0,4480,1978,29.7
2300,274.0,4270,2018,30.3
2200,235.0,4530,1977,28.5
2220,267.0,4320,1994,27.9
2490,261.0,4710,2009,27.3
2280,267.0,4530,2009,28.9
2250,,3890,1977,30.1
2280,247.0,4230,2022,31.9
2510,275.0,4600,2016,28.8
2110,235.0,3860,1979,30.0
2200,267.0,4090,2010,30.7
1930,207.0,3950,2012,38.4
2040,209.0,4200,2009,32.1
2350,283.0,4410,2013,27.8
2370,268.0,4310,1998,28.4
2340,262.0,4240,2000,26.7
2190,250.0,4380,1994,28.1
2370,290.0,4610,1982,25.6
2100,216.0,4200,2015,30.6
2350,250.0,4420,2015,28.8
2400,274.0,4340,1988,26.9
2170,234.0,4210,1994,30.2
2450,246.0,4470,1986,25.8
2090,234.0,4140,2017,33.0
2110,225.0,4170,2015,37.4
2440,274.0,4140,1995,27.7
2270,258.0,4530,2002,32.6
2470,279.0,4530,1990,27.3
2170,246.0,3890,2024,33.7
2170,,4380,1981,25.3
2050,215.0,4030,1992,32.6
2180,235.0,4130,1994,30.1
1990,230.0,4010,2023,32.6
2190,252.0,4200,1994,33.8
2130,260.0,4270,1981,27.2
2250,269.0,4440,2017,28.2
2240,245.0,4660,1994,27.0
2580,262.0,4400,1993,28.2
3020,334.0,5200,1983,25.1
2190,237.0,3990,1993,34.6
2260,249.0,4320,2002,29.0
2410,285.0,4150,2011,30.1
2300,300.0,4230,1976,29.0
2440,267.0,4480,2016,29.9
2350,242.0,4090,2020,32.0
2030,260.0,4030,1976,32.6
2130,245.0,4220,2012,36.2
2230,235.0,3940,1996,30.5
2430,278.0,4360,1993,33.3
2190,242.0,4190,2021,30.9
2410,267.0,4400,2021,35.3
2280,241.0,4320,2018,27.6
2080,223.0,4400,2007,35.6
2110,249.0,4040,2016,33.1
2420,267.0,4350,1996,27.4
1950,226.0,4470,1984,27.4
2120,253.0,4110,1982,30.7
2190,258.0,4320,1984,29.8
2180,263.0,4170,2024,33.7
2170,,4480,1977,27.1
2050,255.0,4350,1993,31.0
2240,243.0,4400,2023,29.7
2200,240.0,4090,2010,31.3
2190,244.0,4480,1988,26.5
2440,269.0,4370,1982,27.8
2370,248.0,4440,2021,30.4
2310,266.0,4270,1998,26.7
2340,248.0,4380,1984,29.3
2270,244.0,4260,2014,30.1
1880,222.0,3990,2020,32.6
2000,234.0,4240,2023,29.1
2150,255.0,4060,1978,27.7
2300,,4540,1978,25.0
2450,272.0,4560,1997,32.6
2500,245.0,4640,1991,33.8
2470,283.0,4590,1980,27.7
2470,285.0,4880,1991,26.7
2200,216.0,4580,1997,30.9
2440,285.0,4620,2006,30.2
2610,300.0,4770,1994,27.8
2120,264.0,4090,1981,26.4
2130,216.0,4090,2008,32.6
2310,260.0,4620,1992,25.7
2060,230.0,4220,2021,32.9
2160,223.0,3780,2014,33.7
2360,257.0,4510,2021,33.1
2060,225.0,4170,1996,33.9
2330,249.0,4110,2019,34.0
2280,269.0,4400,2004,28.4
2270,266.0,4690,2009,29.3
2080,234.0,4210,2005,28.2
2130,247.0,4180,1998,32.7
2420,271.0,4440,2016,30.4
2150,233.0,4130,2008,31.1
2280,258.0,4280,1984,36.0
2390,253.0,4280,2014,36.1
2140,230.0,3960,2006,34.2
2400,262.0,4520,1985,27.0
2140,278.0,4350,1986,31.4
2410,283.0,4570,2001,28.4
2250,247.0,4390,2012,29.8
2250,255.0,4270,2020,31.5
2330,253.0,4560,2019,30.4
2550,269.0,4390,2021,32.2
2010,,4010,1979,31.6
2060,242.0,4150,1999,26.2
2060,251.0,4350,2010,30.5
2340,273.0,4440,2021,30.7
2270,288.0,4540,1989,27.4
2330,254.0,3860,1995,31.9
2310,,4300,1983,26.3
2110,247.0,4080,2016,33.3
2130,227.0,4150,1997,29.4
2370,248.0,3970,2001,33.1
2180,267.0,4080,1991,28.9
2180,282.0,4430,1981,29.7
2150,248.0,3880,2004,33.8
2240,249.0,4130,1989,35.6
2370,275.0,4610,2010,26.6
2460,267.0,4580,1981,25.4
2450,280.0,4270,2013,29.7
2210,242.0,4090,2021,31.2
2570,272.0,4820,1990,26.2
2160,230.0,4030,1989,26.4
2420,266.0,4540,2022,27.2
2470,286.0,4710,1980,27.8
2190,229.0,4190,2005,33.9
2480,274.0,4480,1994,33.2
2130,263.0,4580,2013,32.3
2130,226.0,4310,1990,28.8
2290,246.0,4560,2000,28.2
2460,278.0,4630,2021,29.4
2190,271.0,4260,1985,29.9
2350,263.0,4560,1978,25.4
2090,220.0,3840,1996,33.3
2430,266.0,4190,1989,27.8
2400,260.0,4380,2017,30.5
2380,256.0,4510,2021,30.9
2210,,4370,1977,23.9
2320,260.0,4430,2006,31.0
2430,267.0,4310,2021,31.7
2320,268.0,4260,1991,31.4
2250,256.0,4100,1996,28.3
2050,243.0,4290,2011,30.2
1830,199.0,3930,1985,28.1
2260,249.0,3980,1984,32.0
2290,271.0,4310,2017,32.6
2280,257.0,4300,1991,29.2
2180,224.0,4320,1994,31.4
2160,254.0,4670,1985,24.2
2270,244.0,4590,1998,27.4
2250,256.0,3920,1977,28.5
2330,253.0,4350,1998,27.0
2230,260.0,4000,2021,33.7
1780,209.0,3700,2021,36.2
2130,246.0,4140,1991,29.0
2590,299.0,4880,2021,29.3
2280,248.0,4510,1989,25.4
2160,243.0,4350,1983,26.0
2620,282.0,4730,2019,31.5
2230,251.0,4320,2020,29.7
2240,248.0,4080,1996,26.9
2050,219.0,4210,2022,33.4
2520,276.0,4410,2019,31.2
1980,246.0,3820,2004,35.4
2270,246.0,4390,1990,29.7
2260,283.0,4410,1993,30.4
2110,265.0,3700,1998,33.8
2530,272.0,4300,2009,34.5
2250,230.0,4500,2022,32.6
2340,254.0,4520,2013,30.9
2220,273.0,4160,2002,33.0
2640,266.0,4920,2015,28.5
2280,249.0,3840,2014,31.7
2470,292.0,4710,1994,29.2
2150,259.0,4480,1994,25.8
2100,234.0,4090,1994,31.9
1910,202.0,3850,2009,32.6
2530,292.0,4740,1992,25.2
2260,230.0,4120,1992,31.8
2400,,4570,1980,24.5
2300,247.0,4130,2012,31.9
2370,264.0,4470,2006,29.0
2130,275.0,4380,2020,30.0
2200,248.0,3900,1982,30.4
2170,268.0,4010,1997,32.8
1870,252.0,3850,1983,33.1
2380,272.0,4040,1988,29.7
2260,228.0,4190,2010,31.5
1960,220.0,4070,2016,32.5
2280,247.0,4400,1996,28.6
2330,282.0,4410,1987,24.6
2190,254.0,4390,1993,30.5
2400,257.0,4350,2016,28.0
2010,264.0,4300,1984,26.4
2080,,4180,1979,29.1
2310,261.0,4120,2024,34.8
2320,241.0,4200,2022,32.3
2270,268.0,4130,2007,30.6
2490,294.0,4530,2019,34.0
2180,290.0,3960,2019,35.6
2660,280.0,4800,2000,31.1
2440,241.0,4340,1987,31.6
2200,247.0,4030,1990,28.3
2470,286.0,4320,1982,22.3
2160,,4170,1988,33.1
2450,261.0,4600,1992,24.8
2340,260.0,4800,1999,28.5
2500,286.0,4690,2010,30.6
2630,302.0,4700,1985,24.0
2030,254.0,4000,1986,28.6
2530,288.0,4620,2018,29.0
2020,236.0,3710,1991,34.5
2440,285.0,4630,2001,31.1
2070,,3910,1984,31.7
2360,,4640,1977,29.2
2090,244.0,4280,1982,28.0
1930,239.0,4040,2023,35.7
1890,221.0,3860,2024,35.1
2350,251.0,4210,2001,30.8
2160,220.0,4370,2016,34.4
2160,254.0,4350,2015,28.9
1980,242.0,4150,2024,33.3
2010,224.0,3980,2009,33.9
2140,,4130,1998,31.6
2350,269.0,4350,2022,35.2
2230,246.0,4250,1998,31.8
2210,252.0,4260,1987,27.9
2340,263.0,4550,2011,28.5
2490,277.0,4280,2016,30.8
1840,201.0,3760,2002,31.5
2250,256.0,4670,2021,31.2
2230,241.0,4150,2002,30.5
2160,261.0,4150,1988,32.3
2310,,4240,1979,29.8
2030,217.0,4000,2011,30.6
2610,290.0,4730,1994,24.6
2330,279.0,4270,1998,30.9
2110,228.0,3930,1996,30.1
2020,235.0,4210,1980,31.3
1980,238.0,4220,2011,33.1
2150,235.0,4060,1990,28.0
2320,264.0,4470,2004,28.7
2230,,4170,1975,27.5
2370,282.0,4460,2011,32.1
2280,256.0,4550,2005,28.2
2090,221.0,4330,1995,30.2
2520,275.0,4450,2014,32.6
2150,259.0,4010,1990,32.0
2290,271.0,4380,1982,29.6
2320,238.0,3930,1991,32.4
2140,230.0,4050,2008,33.1
2360,251.0,4400,2022,31.5
2080,224.0,3910,1996,32.9
1900,216.0,3840,2006,37.3
2310,273.0,4320,2009,27.9
2280,263.0,4500,2006,30.2
2470,261.0,4780,1990,28.8
2350,265.0,4300,1985,26.3
2460,259.0,4560,2018,33.3
2340,263.0,4270,2021,32.5
2110,234.0,4200,1982,32.2
1850,225.0,3790,2011,35.6
2120,256.0,4100,1991,30.4
2480,281.0,4300,2024,37.3
2350,250.0,4340,1996,27.1
2760,318.0,4950,1994,24.2
2390,263.0,4370,2020,32.8
1900,208.0,3680,2016,37.0
2180,254.0,4460,2023,33.8
2150,262.0,4420,2020,28.3
1870,229.0,3670,1977,30.0
2260,242.0,4020,2015,32.9
2400,279.0,4560,1993,25.6
2570,266.0,4520,1988,28.9
2630,297.0,4670,2010,26.8
2330,,4230,1983,26.6
2290,250.0,3970,2018,31.4
2330,,4530,1975,23.4
2370,268.0,4480,2018,29.3
2220,256.0,3930,2016,36.5
2310,253.0,3940,2018,30.3
1860,175.0,3840,2017,33.2
2140,248.0,4000,2017,33.6
2410,267.0,4410,2002,30.2
1920,207.0,4110,2016,34.8
2130,239.0,4460,2004,27.2
2200,239.0,4020,1979,33.8
2050,240.0,4580,2017,27.3
2020,,3910,1983,27.2
2100,,4250,1984,30.6
2390,278.0,4390,2009,31.4
2370,281.0,4430,2018,31.3
2220,238.0,4090,2009,31.3
2500,266.0,4880,2019,26.3
2390,295.0,4480,1994,29.4
2210,244.0,4110,2022,32.0
2420,,4340,1983,26.2
2060,237.0,4000,2012,28.3
2120,230.0,4030,2011,33.0
2410,,4190,1981,29.1
2500,258.0,4330,2000,33.4
2370,275.0,4280,2001,28.2
2280,261.0,4100,2008,32.9
2580,310.0,5040,1975,20.7
2450,276.0,4720,1976,23.7
2340,267.0,4320,1992,28.6
2400,262.0,4080,2020,34.2
2570,280.0,4360,2023,31.1
2370,283.0,4660,2005,29.5
2300,269.0,4390,1998,32.8
2210,,4500,1997,28.1
2400,280.0,4600,2010,31.6
2210,278.0,4280,2021,32.3
1910,220.0,3930,1986,30.4
2310,269.0,4220,2014,30.7
2500,242.0,4200,1988,28.1
2220,,4250,1978,30.0
2390,240.0,4480,2015,29.9
2180,,4320,1979,26.3
2280,243.0,4290,2016,26.5
2220,243.0,4050,1985,31.7
2030,214.0,3750,2008,31.7
2460,258.0,4160,1991,30.5
2350,278.0,4570,1987,28.5
2370,,4180,2013,31.7
2440,273.0,4720,2007,28.4
2510,286.0,4650,2022,29.6
2390,272.0,4280,2018,30.8
2220,246.0,4290,2021,32.1
2320,250.0,4170,1986,27.9
2690,310.0,4940,2018,26.6
2210,220.0,4220,2010,32.4
2330,266.0,4240,2017,32.1
1820,195.0,3870,2020,32.3
2150,235.0,4280,2012,32.2
2260,266.0,4210,1991,32.2
2530,,4230,1976,27.7
2220,,3990,1983,32.9
2200,239.0,4090,1989,27.0
2340,,4290,1982,28.6
2010,254.0,4060,2017,35.4
2160,224.0,4110,2009,30.0
2290,237.0,4370,2008,30.3
2390,263.0,4290,2010,30.6
2490,295.0,4410,1996,28.8
2250,244.0,4310,2017,32.0
2560,293.0,4590,1987,25.7
2350,273.0,4430,2013,32.5
2310,281.0,4590,1986,26.4
2010,238.0,4090,2011,32.9
2650,271.0,4870,2023,26.3
2330,272.0,4540,1989,31.1
1890,206.0,3830,1980,28.9
2480,301.0,4250,2020,30.5
2080,221.0,4130,1995,30.6
2030,241.0,4150,1997,26.7
1850,212.0,3980,2012,36.5
1940,,3640,1977,31.3
2610,299.0,4740,2000,27.1
2320,260.0,4510,1976,29.3
2410,250.0,4650,1979,25.3
2290,261.0,4700,2009,30.6
2010,239.0,4180,1975,27.6
2090,223.0,3760,2012,29.8
2280,249.0,4350,1978,29.9
2570,304.0,4650,2000,26.4
2010,231.0,4440,2003,29.9
2280,242.0,4370,2012,30.5
1920,226.0,3790,1997,31.9
2310,,4270,1982,24.5
2350,,4470,1979,26.7
2110,241.0,4090,1993,26.7
1920,213.0,3890,1996,34.7
2230,224.0,3950,2018,31.7
2130,253.0,4010,1981,25.7
2250,251.0,4390,2024,32.2
2300,282.0,4400,1988,30.1
2520,283.0,4450,1992,30.8
2200,247.0,4270,2011,30.5
1880,,4040,1983,30.7
2190,254.0,4450,2003,33.5
2080,255.0,3980,2012,32.0
2370,261.0,4470,2023,33.1
2400,282.0,4670,2007,29.8
2480,273.0,4840,1986,25.3
2120,215.0,3990,2022,37.1
2480,261.0,4380,1990,29.2
1680,230.0,3950,1992,31.5
2350,258.0,4380,2003,31.8
2100,220.0,4270,2019,30.4
2330,244.0,4440,1996,26.9
2340,269.0,4810,2012,26.7
2140,256.0,4040,1987,30.5
2180,251.0,4110,2011,33.8
2080,252.0,4410,2002,29.2
2150,259.0,4230,2006,34.1
2290,235.0,4110,1988,29.3
1970,217.0,3950,2018,35.1
2260,245.0,4250,2013,28.7
2330,273.0,4540,2012,34.9
2420,270.0,4300,1992,27.2
2160,,4010,2001,37.5
2390,252.0,4250,2000,33.2
2410,280.0,4840,1976,21.7
2430,,4360,1977,27.4
2510,280.0,4680,1986,25.6
2330,260.0,4220,1986,31.9
1860,249.0,4090,2004,29.4
2100,227.0,4560,1996,32.0
2150,252.0,4280,1998,33.0
2580,274.0,4340,1976,25.6
2340,273.0,4240,2000,30.4
1970,246.0,3990,2023,36.2
2460,271.0,4080,2021,31.3
1920,190.0,4000,1998,30.8
2380,283.0,4360,2010,26.5
2030,231.0,4010,2022,28.4
2400,275.0,4100,2009,30.9
2150,237.0,4110,2004,34.9
2180,,4240,1976,28.0
2120,240.0,4170,1987,29.3
2290,,4340,1977,24.3
2320,,4720,1977,23.7
2420,263.0,4380,1989,28.8
2450,252.0,4350,1997,28.6
2250,250.0,4590,2019,28.9
2220,235.0,4340,1976,27.5
2020,236.0,4100,2016,29.8
2180,252.0,4300,2005,30.2
2030,236.0,3690,1993,36.0
2130,231.0,4100,2001,31.7
2490,,4590,1981,26.8
2290,253.0,4210,1984,31.2
2020,242.0,4040,1996,28.6
2240,260.0,4090,1980,29.3
2140,267.0,4570,2004,27.2
2210,222.0,4570,2003,30.9
2260,255.0,4500,2020,30.4
2560,292.0,4540,2018,31.5
2260,258.0,4380,1995,32.3
2360,265.0,4640,1995,26.3
2480,311.0,4280,2019,31.7
2270,252.0,4330,2000,29.0
2380,249.0,4300,1983,30.8
2130,231.0,4290,2020,33.8
2210,256.0,4450,1978,30.8
1820,219.0,3620,1997,30.5
2370,254.0,4210,1995,31.9
2510,287.0,4840,1983,27.3
2270,263.0,4310,2012,33.7
2280,279.0,4350,1990,31.2
2380,278.0,4710,2018,27.9
2110,234.0,4380,1985,27.9
2320,230.0,3990,1990,35.0
2420,260.0,5160,2003,29.8
2030,258.0,3820,2019,35.5
2030,224.0,4160,2008,30.6
2350,270.0,4510,2001,29.4
2090,,4280,1976,28.1
2330,275.0,4440,1990,25.2
2700,309.0,4750,1997,28.3
2270,233.0,3960,2014,30.5
2450,302.0,4530,1975,23.9
2270,255.0,4270,2008,29.2
2220,251.0,4240,2021,31.8
2330,256.0,4580,1978,28.7
2270,272.0,4000,1988,24.5
2420,,4130,1983,32.0
2450,250.0,4620,1982,27.8
1970,234.0,4070,2000,31.7
2470,289.0,4650,1999,28.9
2350,241.0,4410,2021,30.2
1990,226.0,3630,2020,30.5
2200,253.0,4260,1997,28.4
2310,258.0,4300,1977,24.5
2040,249.0,4220,2001,31.7
2140,,4550,1983,27.1
2280,264.0,4230,1997,34.2
1870,225.0,3990,2008,30.3
2170,252.0,4390,2006,32.9
2540,284.0,4800,1979,24.6
2610,289.0,4540,1989,27.6
2350,264.0,4250,2012,33.2
2090,262.0,4190,1984,29.3
2590,292.0,4730,2005,33.1
2500,283.0,4600,2009,30.6
2580,286.0,4960,2012,26.7
1980,199.0,3910,1995,34.1
2560,276.0,4840,1999,29.8
2150,241.0,4160,1999,28.0
1790,178.0,3780,2013,32.2
2050,233.0,4110,2015,33.8
1870,207.0,3960,2012,33.6
2660,298.0,5080,1985,23.1
2190,267.0,4180,1988,28.7
2240,246.0,4370,1979,30.1
2220,259.0,4100,1989,32.3
2480,249.0,4330,1981,28.9
2010,216.0,3750,1992,32.8
2310,245.0,4280,1999,28.3
2230,233.0,4190,2018,31.2
2130,228.0,3750,1999,33.1
2240,234.0,4120,1996,31.5
2530,,4340,1981,27.3
2370,261.0,4170,1998,31.5
2170,244.0,4240,2002,31.7
2130,255.0,3940,2016,33.0
2410,286.0,4270,1998,30.9
2280,,4190,1983,29.0
2190,229.0,4590,2001,27.7
2310,253.0,4510,2014,25.5
2240,260.0,4310,2003,30.5
2000,,4010,1982,30.6
2010,241.0,4400,1999,28.2
2490,287.0,4640,1992,25.4
2300,,4420,1977,30.9
2330,,4530,1978,27.8
1870,204.0,3860,1992,28.3
2200,267.0,4090,1999,30.6
2390,293.0,4750,1996,28.8
2370,282.0,4700,2019,30.2
2360,260.0,4320,2010,31.3
2100,239.0,4460,2007,30.9
2210,264.0,4410,1996,29.5
2300,260.0,4330,2017,33.6
2260,220.0,4380,2019,31.0
2400,250.0,4370,2000,26.7
2100,227.0,3600,1988,36.0
2280,251.0,4190,2005,31.0
1970,223.0,4430,2000,28.3
2460,280.0,4190,1995,29.9
2490,,4500,1982,29.6
2470,264.0,4480,1996,29.8
2440,248.0,4280,2007,34.7
2190,222.0,3830,1990,33.8
2450,299.0,4330,1978,30.9
2230,250.0,4340,2011,35.4
2040,256.0,4060,1977,28.7
2390,,4220,1978,28.0
1940,216.0,4010,1977,31.2
2360,268.0,4730,2023,31.6
2380,253.0,4300,1994,27.7
2070,263.0,3870,1989,32.5
2330,264.0,4400,1979,24.5
2060,,4050,1982,31.7
2400,275.0,4210,1991,26.0
2450,255.0,4140,2011,31.0
2030,249.0,4390,2016,31.3
2480,275.0,4370,1987,29.2
2380,295.0,4430,1994,28.4
2450,,4470,1982,27.8
2570,299.0,4520,1988,23.4
1990,,3910,1978,30.1
2430,277.0,4600,2018,35.4
2430,271.0,4370,2019,31.8
2210,263.0,4540,2021,31.1
2150,252.0,4060,1999,33.8
2290,245.0,4200,2001,32.2
2380,282.0,4470,2004,28.2
2160,240.0,4260,2017,32.4
2370,249.0,4430,1976,28.0
2250,244.0,4240,2001,29.8
2110,225.0,4300,2012,33.1
2220,233.0,3780,2018,35.0
2330,271.0,4600,1985,27.7
2420,292.0,4670,2018,28.7
2240,250.0,3890,2001,31.4
2520,255.0,4600,2004,30.0
2220,,4010,1983,28.9
2390,254.0,4200,1998,35.0
2290,239.0,4250,2023,35.2
2500,288.0,4540,1982,27.3
2230,230.0,4390,2010,29.9
2270,260.0,4280,2013,34.2
2290,268.0,4130,2008,30.8
2390,,4550,1977,32.0
2340,274.0,4530,1992,25.1
2250,265.0,4780,1991,25.4
2040,229.0,4120,1984,28.1
2260,248.0,4030,2022,35.1
2210,246.0,4200,2020,33.2
2340,283.0,4520,2004,30.2
1860,184.0,3440,1987,34.7
1780,231.0,4030,1985,28.3
2440,275.0,4520,1994,31.7
2270,251.0,4440,2003,31.6
2160,226.0,4370,2022,33.9
2830,304.0,4510,2020,29.0
2360,272.0,4660,1999,26.9
2290,224.0,4210,2019,32.4
2210,261.0,4480,2010,32.6
2120,,3980,1976,28.6
2280,260.0,3950,1998,30.8
2000,227.0,3860,2010,32.5
2130,,4360,1979,26.6
2280,265.0,4390,1989,27.7
2320,251.0,4750,1990,28.1
2190,252.0,4280,2008,28.7
2480,277.0,4480,1982,26.4
2390,258.0,4830,2010,29.1
2320,267.0,4240,1996,27.5
2290,229.0,4040,2009,32.7
2060,234.0,4060,1994,33.3
2560,284.0,4660,2009,29.5
2230,,4440,1980,25.4
2060,238.0,4260,1989,30.5
2430,266.0,4360,1999,27.8
2480,,4340,1984,24.2
2050,224.0,3990,2011,30.7
2410,,4080,1984,26.0
2230,253.0,4310,2006,27.4
2200,233.0,4160,1981,28.0
2210,252.0,4130,2003,30.6
2590,276.0,4530,2000,25.0
2240,256.0,4340,2017,36.4
2200,253.0,3890,2008,32.9
2090,239.0,4130,2018,33.1
2250,,4130,1982,27.1
2520,296.0,4370,2001,27.4
2250,253.0,4250,2013,33.0
2310,264.0,4370,2023,34.9
2370,251.0,4380,2015,28.9
2380,259.0,4170,1998,30.9
2250,233.0,4460,2018,26.8
2260,239.0,3820,2016,32.7
2080,242.0,3940,1995,36.0
1990,208.0,4230,1991,30.5
2230,266.0,4660,2008,28.7
2470,280.0,4240,2008,32.4
2420,284.0,4230,2011,28.0
1950,245.0,3820,2018,31.7
2400,275.0,4380,2012,30.6
2280,256.0,4330,2021,37.1
2350,275.0,4610,1998,29.8
1950,245.0,3710,2012,35.6
2390,268.0,4410,1992,32.4
2590,321.0,4810,2012,25.1
2240,256.0,4190,1993,30.9
2290,266.0,4130,2011,31.7
2600,282.0,4670,2015,28.8
2340,244.0,4610,2002,25.5
2460,278.0,4860,2020,26.3
2050,,4430,1979,26.7
2180,232.0,4010,2002,35.0
2240,234.0,4000,1988,26.9
2480,279.0,4590,1996,27.3
2330,252.0,4040,2018,37.1
2300,263.0,4340,2003,31.3
2210,260.0,4380,1987,30.2
2340,277.0,3910,1986,30.6
2240,267.0,4140,2008,31.3
2090,245.0,3850,2011,33.4
2190,241.0,4300,2004,30.7
2210,262.0,4460,2004,33.2
2400,224.0,4160,2012,31.3
2020,214.0,4010,1996,35.5
2410,246.0,4510,1979,23.7
1920,225.0,4110,2023,33.2
2240,241.0,4230,1992,31.6
2420,276.0,4280,1988,27.6
2200,240.0,4180,1982,28.3
1930,219.0,3960,1998,33.7
2340,,4300,1980,30.5
2040,,3890,1979,29.6
2330,,4120,1983,28.8
2160,234.0,3980,1983,29.9
2290,244.0,4070,1980,29.2
2340,254.0,4380,1989,25.8
2470,,4540,1981,25.6
2390,257.0,4340,1982,29.1
2550,265.0,4670,1987,25.9
2380,272.0,4350,2021,33.8
2400,,4370,1984,25.8
2120,260.0,4260,1996,30.7
2670,276.0,4610,1997,27.5
2130,270.0,4080,2013,34.7
2530,262.0,4330,1996,31.8
2070,,3790,1977,28.3
1900,227.0,3940,2010,34.8
1950,246.0,3820,2021,35.6
2020,226.0,3930,1996,29.3
2120,222.0,4120,2005,29.0
2480,,4660,2016,29.3
2100,209.0,4380,2011,30.2
2110,242.0,4360,2018,29.3
2340,289.0,4240,1992,32.2
2050,224.0,4250,2010,36.9
2460,272.0,4410,1996,26.9
2280,267.0,4440,1988,25.3
2100,229.0,3980,2006,31.3
1690,200.0,3580,1994,37.3
2380,275.0,4380,2023,30.8
2230,265.0,3990,1997,31.1
2210,257.0,4280,2010,34.5
2200,250.0,4510,2004,30.2
2430,290.0,4220,1982,29.5
2550,290.0,5170,2018,30.0
2320,249.0,4390,2019,35.1
2310,271.0,4220,2015,31.6
2260,241.0,3990,1989,26.2
2420,251.0,4240,1996,31.9
2340,263.0,4480,2023,30.6
2190,250.0,4370,2010,30.6
2290,,4430,1975,25.1
1980,214.0,3960,2002,29.3
2120,,4400,1995,29.5
2190,253.0,4390,1987,27.1
2340,294.0,4490,1992,30.1
2290,,4090,1975,33.2
2380,251.0,4290,1989,29.0
2290,250.0,4320,2009,28.8
2360,277.0,4830,1987,28.6
2350,269.0,4270,2018,35.2
2320,257.0,4500,1980,26.7
2180,246.0,4200,2003,35.0
2370,269.0,4610,1982,25.4
2020,246.0,3840,2000,33.9
2340,260.0,4600,1975,24.3
2370,271.0,4270,2007,26.7
2610,,4840,1997,27.0
2330,,4590,1983,22.5
2190,257.0,4330,1983,27.9
2400,240.0,4120,2005,31.3
2090,257.0,4060,2022,32.2
2150,243.0,4350,2021,32.4
2060,230.0,4390,1987,26.0
2480,266.0,4640,1981,28.4
2060,229.0,4160,2007,31.7
2430,258.0,4610,2014,31.3
2330,251.0,4630,2010,29.5
2090,,4320,1975,26.9
2560,264.0,4310,2016,30.4
2200,225.0,4020,2011,31.6
2290,230.0,4070,2014,31.4
2470,282.0,4650,1987,31.7
2390,263.0,4410,2009,32.7
2380,246.0,4490,2021,29.3
2310,,4280,1983,26.8
2270,,4390,1982,26.2
2430,267.0,4240,2008,29.0
2390,279.0,4670,1993,24.2
2550,258.0,4610,2001,28.7
1890,235.0,3850,2000,34.9
2160,,3870,1978,25.7
2170,245.0,4330,2013,30.5
2240,236.0,4380,2020,31.6
2150,251.0,4310,1985,26.2
2460,274.0,4080,1994,28.5
2300,241.0,4490,2000,30.7
2370,245.0,4740,1990,25.9
2080,238.0,4160,2023,31.8
2170,222.0,4050,2013,36.7
2420,264.0,4340,2005,28.1
2290,259.0,4390,2012,32.9
2210,229.0,4130,1997,33.5
2250,256.0,4720,1998,32.7
2130,230.0,4220,2001,30.8
2080,262.0,4190,1983,28.9
2100,,4070,1984,32.8
2470,279.0,4440,1986,27.8
2380,274.0,4480,2015,32.7
2440,267.0,4680,1989,24.9
2010,213.0,3590,2005,35.1
2420,252.0,4380,1998,26.7
2140,263.0,4130,2009,29.5
2230,,4330,1979,26.5
2340,268.0,4340,2005,27.9
2260,257.0,4150,1998,29.8
2130,224.0,4070,2015,33.5
2390,235.0,4510,2001,31.3
2470,256.0,4420,1997,32.3
2010,,4010,1984,30.5
2430,269.0,4600,1986,25.0
2490,262.0,4340,2006,30.0
2310,247.0,4060,1978,29.8
2120,267.0,4570,2021,32.5
2260,246.0,4360,2003,29.7
2240,256.0,4380,1992,29.8
2240,218.0,4230,1988,29.4
2580,270.0,4650,2008,28.9
2420,257.0,4460,2019,30.8
2400,262.0,4610,1983,24.9
1880,201.0,4060,2000,30.8
2480,268.0,4490,1991,26.3
2320,244.0,4130,2014,29.2
2250,250.0,4120,2012,37.1
2180,217.0,4000,1998,32.4
2370,278.0,4710,1987,25.8
2280,238.0,4210,2012,32.8
1990,223.0,3930,1998,33.9
2480,258.0,4570,1987,27.4
2390,274.0,4210,2012,28.8
2370,257.0,4370,2018,30.2
2180,259.0,4340,1994,26.8
2320,259.0,4510,2004,30.8
1890,227.0,4180,1993,28.0
2360,223.0,4760,2005,27.8
2310,224.0,4140,1986,30.1
2390,271.0,4040,1986,32.6
2130,256.0,4190,2022,33.8
2390,257.0,4370,1994,31.9
2080,229.0,4070,2002,35.4
2290,262.0,4320,1997,27.7
2080,250.0,3950,1995,31.0
2230,264.0,4460,2007,29.1
2440,273.0,4270,1983,29.5
2530,,4670,1977,24.6
2150,241.0,4070,2021,33.2
2470,259.0,4380,2024,33.5
2630,296.0,4790,2012,28.1
2360,247.0,4560,1976,28.0
2370,259.0,4410,2017,29.5
2250,240.0,3960,2000,29.1
2470,,4300,1984,28.8
2370,273.0,4440,2008,34.3
2360,,4170,1976,25.3
2150,251.0,4150,2005,29.3
2140,228.0,4180,2011,32.5
1770,202.0,3550,1996,32.2
2460,246.0,4310,2024,36.3
2240,233.0,3730,2020,32.0
2000,211.0,3830,1977,27.0
2290,266.0,4550,2001,26.2
2430,268.0,4760,2002,26.9
2660,270.0,4860,1993,27.1
2270,236.0,4500,2017,31.2
2160,258.0,4170,2010,32.4
2360,256.0,4480,2024,29.3
2440,276.0,4800,1990,26.4
2100,242.0,4140,1984,28.7
2100,210.0,4320,1994,27.8
2030,254.0,4120,1980,26.5
2240,247.0,4150,2023,36.8
2460,258.0,4330,1990,25.9
2460,252.0,4670,2012,29.8
2370,265.0,4700,1986,27.0
2060,229.0,3960,1981,30.3
2270,214.0,4500,2002,30.9
2240,249.0,4110,1985,28.4
2150,232.0,4300,2006,29.9
2290,254.0,4500,1977,28.2
2170,235.0,4280,1999,30.6
2300,234.0,4270,2018,30.8
2050,240.0,3970,1999,32.5
2480,269.0,4400,1992,27.5
2220,228.0,3950,2000,34.1
2290,239.0,4000,2024,32.7
2350,248.0,4240,2023,31.1
2260,242.0,4400,2020,33.4
2410,255.0,4450,2017,31.4
2520,263.0,4520,1998,28.4
2360,,4540,2000,30.2
2390,242.0,4580,1989,26.3
2200,,4580,1978,27.8
2130,227.0,4110,1994,28.3
2050,237.0,4200,2019,31.0
2070,244.0,4230,1987,26.9
2590,261.0,4390,1977,28.0
2110,223.0,4480,2019,31.2
2120,,4520,1977,22.5
2260,,4250,1985,33.8
2120,252.0,4060,1992,27.1
2050,210.0,3580,1988,30.2
2140,229.0,3980,2007,32.2
2190,240.0,3890,2021,33.6
2280,255.0,4400,2004,31.6
2770,296.0,4480,2010,27.2
2190,227.0,4330,2001,31.5
2110,268.0,4010,1994,27.8
2250,245.0,4110,2006,31.6
2580,,4580,1983,30.7
2480,287.0,4500,2004,30.0
2590,286.0,4550,1977,28.8
2230,253.0,4320,2003,32.5
2500,,4560,1976,28.5
2070,263.0,4290,1995,27.5
2110,225.0,4040,1985,31.9
2140,,3910,1984,28.2
2260,232.0,3840,1994,32.8
2110,238.0,3670,2017,34.8
2390,243.0,4390,1978,25.9
2030,227.0,4000,1996,31.7
2350,257.0,4680,2021,28.8
2480,287.0,4510,1981,25.3
2280,233.0,4380,1991,29.0
2210,252.0,4130,2020,35.1
2270,229.0,4000,2010,37.8
2400,,4380,1981,28.1
2030,212.0,4050,1985,27.5
1930,222.0,3920,1991,36.0
2380,266.0,4570,1980,32.5
2500,251.0,4270,2024,37.0
2210,231.0,4090,1986,30.4
2300,283.0,4190,2011,32.6
2080,236.0,4240,2015,33.4
2140,221.0,3690,1998,30.2
2530,255.0,4180,2006,29.9
1920,223.0,3980,1993,29.1
2490,279.0,4540,1994,26.9
1870,,3830,1976,29.1
2080,233.0,3970,1988,31.0
2350,269.0,4300,2022,35.2
2160,269.0,4090,1994,35.0
2020,251.0,3940,1989,32.0
2390,260.0,4670,1990,25.1
2340,276.0,4340,1997,28.4
2390,273.0,4630,2005,27.0
2230,279.0,4480,2010,29.7
2550,276.0,4120,1992,26.0
2650,283.0,4980,2000,24.4
2250,275.0,4280,1989,30.3
2220,241.0,4040,1987,28.1
2080,235.0,3940,1989,34.8
2050,,3820,1979,27.9
2170,,3990,1976,26.9
2180,254.0,3960,2023,36.8
2280,280.0,4160,2015,28.3
2180,212.0,3930,2007,32.9
2690,295.0,4510,1994,30.1
2460,266.0,4690,2022,29.8
2620,307.0,4690,1990,28.4
2520,259.0,4400,2012,30.6
2220,285.0,4390,2018,28.1
2220,225.0,4660,2022,28.2
2260,251.0,4040,2005,29.1
2380,248.0,4460,1992,26.0
2250,267.0,4030,1979,28.9
2680,309.0,4690,1995,25.9
2040,250.0,4070,2023,31.8
2240,259.0,3980,2023,34.7
2180,258.0,4170,2007,34.3
2340,259.0,4000,2006,35.1
2260,269.0,4480,2012,28.6
1910,209.0,3860,2009,32.8
2290,249.0,4250,2003,26.9
2300,268.0,4370,1986,27.8
2220,251.0,4150,1996,30.1
2370,,4430,1979,23.3
2430,284.0,4270,1990,30.7
2270,239.0,3860,2014,35.0
2420,274.0,4130,2011,32.4
2120,,3740,1978,27.7
2550,,4500,2016,29.9
2380,239.0,4560,2004,28.8
2130,242.0,4340,2017,27.2
2060,,4080,1979,29.6
1860,209.0,3430,1978,30.7
2270,254.0,4230,1998,29.0
2290,283.0,4400,1988,26.4
2170,247.0,4140,1995,29.4
2190,255.0,4220,1975,30.2
2230,258.0,4380,2013,31.2
2260,230.0,4040,2000,32.6
2140,237.0,3990,1991,29.4
2380,,4380,1979,25.6
2330,266.0,4130,1985,24.1
2180,253.0,4550,1995,27.3
2360,282.0,4270,2011,27.8
2110,234.0,4020,1989,28.3
2400,270.0,4570,1990,27.3
2110,237.0,3930,1997,32.3
2150,239.0,4120,1987,29.3
2150,256.0,4080,2014,30.8
1960,229.0,3980,2007,28.0
2330,231.0,4110,1984,27.0
2510,,4700,1980,26.4
2320,,4410,1984,29.4
2440,256.0,4220,1987,31.2
2270,274.0,4710,2007,31.4
2290,,4140,1983,28.6
2080,230.0,4290,1989,26.4
2650,283.0,4440,1986,24.1
2170,241.0,4360,1999,33.7
2630,294.0,4760,1993,23.5
2470,277.0,4790,2002,25.7
2100,241.0,4180,1979,27.4
1910,213.0,3910,2017,32.2
2160,,4190,2013,31.0
2500,287.0,4290,2001,29.7
2120,,3800,2018,32.7
2110,225.0,4360,2017,37.0
1990,230.0,3980,1990,28.7
2210,259.0,3800,2020,31.0
2400,296.0,4610,2005,29.8
2150,230.0,4310,1980,29.7
2440,258.0,4520,2021,29.6
2310,,4380,1983,31.4
2070,227.0,4130,1989,30.0
2090,225.0,4500,2004,28.7
2280,267.0,4440,1976,22.8
2400,272.0,4430,2002,31.4
2340,268.0,4070,2003,28.9
2440,235.0,4730,2023,29.0
2530,269.0,4260,1999,28.4
2180,,4150,1984,29.2
2270,273.0,3820,1975,28.0
2140,237.0,3990,2005,31.4
2470,296.0,4210,1992,29.5
2060,242.0,4280,2022,33.8
2400,287.0,4330,2023,32.8
2230,248.0,4360,1979,27.5
2060,247.0,4040,1981,31.9
2340,,4490,1982,24.4
2210,229.0,4270,1992,33.5
2300,268.0,4360,2021,31.4
2460,290.0,4280,1993,30.0
2540,297.0,4790,2023,31.9
2190,207.0,3950,1988,34.1
2290,236.0,4000,1997,37.3
2940,318.0,5280,1987,26.5
2360,266.0,4120,1997,28.6
2280,267.0,4540,1981,28.4
2150,227.0,4030,2009,31.4
2310,288.0,4350,2011,31.7
2320,265.0,4050,1994,32.4
2020,219.0,3870,2005,30.0
2320,,4180,1979,26.3
2390,257.0,4500,2016,29.4
2360,259.0,4490,2020,29.4
2650,329.0,4720,2004,27.6
2240,270.0,4330,2005,29.3
2570,269.0,4440,2019,32.0
2290,241.0,4110,2001,31.9
2170,237.0,4200,1987,30.4
2310,292.0,4570,1987,27.8
2360,244.0,4300,2014,29.9
2420,287.0,4530,2005,27.8
2030,243.0,4150,2000,31.2
2080,197.0,4090,2011,37.6
2250,274.0,4520,1993,28.1
1970,241.0,4430,1994,27.4
2220,227.0,3920,1983,29.6
2350,250.0,4350,2019,29.4
2150,237.0,4190,2009,35.3
2260,256.0,4450,2012,31.3
2300,278.0,4410,1999,28.1
2170,218.0,4010,2003,37.4
2220,240.0,4170,1985,32.0
2010,242.0,4400,1998,25.9
2390,248.0,4090,2009,25.4
2100,,3970,1983,29.0
2480,280.0,4440,1990,30.7
2300,258.0,4360,1998,31.5
2450,267.0,4430,2004,30.3
2300,260.0,4610,2020,29.7
2510,288.0,4630,1996,26.1
2190,238.0,4170,2006,29.8
2400,274.0,4500,1986,27.9
2270,245.0,4210,2000,33.4
2380,276.0,4310,1975,26.1
2290,279.0,4070,1990,30.2
2560,283.0,4620,1982,26.2
2670,309.0,4720,1984,25.7
2070,259.0,4030,1993,28.7
2450,261.0,4580,1990,28.3
2530,264.0,4690,2003,29.9
2170,222.0,4470,1986,26.0
1740,171.0,3670,1995,32.9
2360,265.0,4500,2012,30.3
2160,230.0,4350,2018,33.1
2270,246.0,3970,2004,34.0
2410,286.0,4260,2014,30.8
2070,,4510,1978,24.1
2030,242.0,3880,2008,34.1
2840,324.0,4940,2006,27.5
2120,255.0,4070,1987,27.4
2010,247.0,3980,2009,28.9
2360,268.0,4170,1990,26.9
2530,296.0,4440,2007,26.4
2470,282.0,4490,2001,28.4
2350,254.0,4350,1999,31.1
2120,252.0,3950,1992,30.5
2230,,4110,1976,26.3
2300,242.0,4460,1978,27.1
1970,231.0,3800,2002,35.0
2480,264.0,4290,2006,26.1
2000,219.0,4400,1999,28.1
2360,255.0,4620,2018,31.3
2600,275.0,4560,2003,26.8
2260,,4560,1978,29.4
2380,291.0,4230,1996,31.9
2420,,4470,1978,26.0
2380,247.0,4470,2008,31.1
2330,,4260,1981,28.0
2140,219.0,4070,1981,27.0
2480,282.0,4340,1984,26.6
2080,236.0,4160,2006,28.8
2420,262.0,4380,1979,27.0
2200,234.0,4140,2022,32.3
2480,260.0,4570,1980,25.5
2010,238.0,4120,1988,30.9
2420,266.0,4930,1993,24.2
2260,242.0,4140,2003,29.2
2530,265.0,4740,2018,32.9
2130,267.0,4150,2012,31.8
2030,208.0,4420,2024,32.2
2630,288.0,4550,2024,30.1
2170,221.0,4120,2011,37.1
2180,256.0,4160,2018,34.4
2510,271.0,4630,2011,29.3
2250,230.0,4220,1998,29.8
2250,,4330,1984,31.8
1730,228.0,3870,1994,34.8
2110,247.0,4310,1991,30.5
2360,236.0,4650,2012,31.0
2170,246.0,4230,2010,32.2
1980,232.0,4150,2022,30.3
2410,,4270,1980,25.5
1960,214.0,3890,1991,28.0
2390,276.0,4690,1984,31.5
2400,269.0,4400,2017,33.5
2450,279.0,4130,2012,29.0
2070,222.0,4110,2014,30.5
2290,265.0,4210,2017,33.3
2140,226.0,3880,1998,31.7
2210,270.0,4280,1986,29.4
2490,291.0,4610,2012,33.6
2620,254.0,4600,2001,26.7
2260,241.0,4560,2019,32.1
2160,228.0,4200,2023,31.6
2320,267.0,4310,2003,31.5
1870,209.0,3660,1991,32.5
2270,242.0,4070,2023,31.7
2320,241.0,4260,2020,32.8
2160,222.0,4190,1997,31.5
2570,276.0,4980,2022,33.5
2290,268.0,4410,1995,34.7
2350,236.0,4380,1992,33.2
2500,268.0,4480,1976,26.7
2350,254.0,3960,2016,32.2
2190,240.0,4030,1977,28.4
1800,218.0,3490,2021,34.4
2410,277.0,4250,1993,31.0
2700,276.0,4490,2008,32.4
2370,284.0,4830,2016,30.6
2230,263.0,4200,2015,30.1
2080,248.0,3980,2009,32.9
2320,,4240,1980,30.9
2430,290.0,4200,1995,29.3
2270,,4190,1975,30.0
2370,245.0,4370,2002,30.3
2120,215.0,4160,2013,29.1
2210,227.0,4220,1979,28.3
2200,233.0,4200,2013,30.4
2060,240.0,4190,1991,25.6
2360,244.0,4130,1980,27.7
2420,,4580,1982,27.2
2150,,4370,1982,25.7
2210,251.0,4070,1997,29.8
1920,246.0,3970,2007,27.5
2270,,4210,1997,28.5
2370,281.0,4700,2019,27.7
2560,280.0,4980,2014,32.2
2110,,4160,1976,30.7
2090,,3790,1984,30.7
2100,,4230,1979,31.3
2780,285.0,4860,1985,25.4
2320,252.0,4380,2016,29.6
2460,262.0,4400,1978,25.8
2430,,4530,1978,24.8
2110,207.0,3550,1988,28.9
2640,283.0,4830,2009,25.1
1970,258.0,4070,2000,30.3
2300,275.0,4380,1992,27.8
2180,255.0,4130,2008,30.4
2380,271.0,4430,1993,32.7
2320,253.0,4130,1998,30.5
2300,,4490,1975,27.6
2320,264.0,4300,1993,28.2
2330,,4620,1978,27.7
1910,,3990,1975,26.5
2210,259.0,3860,1986,31.8
2490,273.0,4320,1986,25.6
2370,263.0,4380,2017,36.1
2280,231.0,4170,1976,27.1
2440,273.0,4060,1988,29.7
1850,207.0,3970,1984,27.7
2170,244.0,4170,1978,28.4
2360,283.0,4420,2021,33.3
2470,271.0,4690,2005,27.4
2160,261.0,4360,2010,31.3
2360,,4390,1983,27.7
2340,259.0,4240,1999,29.3
2150,250.0,4180,1997,27.3
2280,266.0,4280,1993,29.3
2190,243.0,4260,1981,28.5
2380,,4350,1975,27.2
2540,281.0,4330,2013,29.5
2430,278.0,4500,2002,28.1
2140,235.0,3970,1980,31.2
2190,224.0,4340,1983,24.8
2280,242.0,4590,2018,29.8
2300,,4240,1984,25.1
2240,255.0,4190,1989,27.7
2430,254.0,4280,2020,31.6
2390,266.0,4220,1996,28.0
